Date,Time,"Memória virtual comprometida [MB]","Memória virtual disponível [MB]","Carga da memória virtual [%]","Memória física utilizada [MB]","Memória física disponível [MB]","Carga da memória física [%]","Utilização do arquivo de paginação [%]","Page File Total [MB]","Page File Used [MB]","Core VIDs (avg) [V]","P-core 0 VID [V]","P-core 1 VID [V]","E-core 2 VID [V]","E-core 3 VID [V]","E-core 4 VID [V]","E-core 5 VID [V]","E-core 6 VID [V]","E-core 7 VID [V]","E-core 8 VID [V]","E-core 9 VID [V]","SA VID [V]","Relógios núcleo (avg) [MHz]","P-core 0 Relógio [MHz]","P-core 1 Relógio [MHz]","E-core 2 Relógio [MHz]","E-core 3 Relógio [MHz]","E-core 4 Relógio [MHz]","E-core 5 Relógio [MHz]","E-core 6 Relógio [MHz]","E-core 7 Relógio [MHz]","E-core 8 Relógio [MHz]","E-core 9 Relógio [MHz]","Relógio de barramento [MHz]","Ring/LLC Relógio [MHz]","Relógios efetivos núcleo (avg) [MHz]","P-core 0 T0 Relógio efetivo [MHz]","P-core 0 T1 Relógio efetivo [MHz]","P-core 1 T0 Relógio efetivo [MHz]","P-core 1 T1 Relógio efetivo [MHz]","E-core 2 T0 Relógio efetivo [MHz]","E-core 3 T0 Relógio efetivo [MHz]","E-core 4 T0 Relógio efetivo [MHz]","E-core 5 T0 Relógio efetivo [MHz]","E-core 6 T0 Relógio efetivo [MHz]","E-core 7 T0 Relógio efetivo [MHz]","E-core 8 T0 Relógio efetivo [MHz]","E-core 9 T0 Relógio efetivo [MHz]","Relógio efetivo médio [MHz]","Uso do núcleo (avg) [%]","P-core 0 T0 Uso [%]","P-core 0 T1 Uso [%]","P-core 1 T0 Uso [%]","P-core 1 T1 Uso [%]","E-core 2 T0 Uso [%]","E-core 3 T0 Uso [%]","E-core 4 T0 Uso [%]","E-core 5 T0 Uso [%]","E-core 6 T0 Uso [%]","E-core 7 T0 Uso [%]","E-core 8 T0 Uso [%]","E-core 9 T0 Uso [%]","Uso máximo de CPU / thread [%]","Uso total da CPU [%]","Modulação do relógio sob demanda [%]","Utilização do núcleo (avg) [%]","P-core 0 T0 Utilização [%]","P-core 0 T1 Utilização [%]","P-core 1 T0 Utilização [%]","P-core 1 T1 Utilização [%]","E-core 2 T0 Utilização [%]","E-core 3 T0 Utilização [%]","E-core 4 T0 Utilização [%]","E-core 5 T0 Utilização [%]","E-core 6 T0 Utilização [%]","E-core 7 T0 Utilização [%]","E-core 8 T0 Utilização [%]","E-core 9 T0 Utilização [%]","Utilização total da CPU [%]","Relação do relógio do núcleo (avg) [x]","P-core 0 Relação [x]","P-core 1 Relação [x]","E-core 2 Relação [x]","E-core 3 Relação [x]","E-core 4 Relação [x]","E-core 5 Relação [x]","E-core 6 Relação [x]","E-core 7 Relação [x]","E-core 8 Relação [x]","E-core 9 Relação [x]","Uncore Relação [x]","Temperaturas centrais (avg) [°C]","P-core 0 [°C]","P-core 1 [°C]","E-core 2 [°C]","E-core 3 [°C]","E-core 4 [°C]","E-core 5 [°C]","E-core 6 [°C]","E-core 7 [°C]","E-core 8 [°C]","E-core 9 [°C]","Distância do núcleo para TjMAX (avg) [°C]","P-core 0 Distância para TjMAX [°C]","P-core 1 Distância para TjMAX [°C]","E-core 2 Distância para TjMAX [°C]","E-core 3 Distância para TjMAX [°C]","E-core 4 Distância para TjMAX [°C]","E-core 5 Distância para TjMAX [°C]","E-core 6 Distância para TjMAX [°C]","E-core 7 Distância para TjMAX [°C]","E-core 8 Distância para TjMAX [°C]","E-core 9 Distância para TjMAX [°C]","CPU Inteira [°C]","Núcleo máximo [°C]","Estrangulamento térmico do núcleo (avg) [Yes/No]","P-core 0 Estrangulamento térmico [Yes/No]","P-core 1 Estrangulamento térmico [Yes/No]","E-core 2 Estrangulamento térmico [Yes/No]","E-core 3 Estrangulamento térmico [Yes/No]","E-core 4 Estrangulamento térmico [Yes/No]","E-core 5 Estrangulamento térmico [Yes/No]","E-core 6 Estrangulamento térmico [Yes/No]","E-core 7 Estrangulamento térmico [Yes/No]","E-core 8 Estrangulamento térmico [Yes/No]","E-core 9 Estrangulamento térmico [Yes/No]","Temperatura crítica do núcleo (avg) [Yes/No]","P-core 0 Temperatura critica [Yes/No]","P-core 1 Temperatura critica [Yes/No]","E-core 2 Temperatura critica [Yes/No]","E-core 3 Temperatura critica [Yes/No]","E-core 4 Temperatura critica [Yes/No]","E-core 5 Temperatura critica [Yes/No]","E-core 6 Temperatura critica [Yes/No]","E-core 7 Temperatura critica [Yes/No]","E-core 8 Temperatura critica [Yes/No]","E-core 9 Temperatura critica [Yes/No]","Limite de potência do núcleo excedido (avg) [Yes/No]","P-core 0 Limite de potência excedido [Yes/No]","P-core 1 Limite de potência excedido [Yes/No]","E-core 2 Limite de potência excedido [Yes/No]","E-core 3 Limite de potência excedido [Yes/No]","E-core 4 Limite de potência excedido [Yes/No]","E-core 5 Limite de potência excedido [Yes/No]","E-core 6 Limite de potência excedido [Yes/No]","E-core 7 Limite de potência excedido [Yes/No]","E-core 8 Limite de potência excedido [Yes/No]","E-core 9 Limite de potência excedido [Yes/No]","Regulagem térmica do pacote / anel [Yes/No]","Temperatura crítica do pacote / anel [Yes/No]","Limite de potência do pacote / anel excedido [Yes/No]","CPU Inteira [°C]","CPU IA Cores [°C]","CPU GT Cores (gráficos) [°C]","Desvios de tensão (avg) [V]","IA Compensação de tensão [V]","GT Compensação de tensão [V]","CLR (CBo/LLC/Ring) Compensação de tensão [V]","GT Media Compensação de tensão [V]","SA Compensação de tensão [V]","L2 E-core Compensação de tensão [V]","VDDQ TX Voltagem [V]","VR VCC Corrente (SVID IOUT) [A]","Potência total da CPU [W]","Potência de núcleos IA [W]","Potência de núcleo GT [W]","Potência total do sistema [W]","Potência do System Agent [W]","Potência do restante do chip [W]","PCH Potência [W]","Limite de potência PL1 (Static) [W]","Limite de potência PL1 (Dynamic) [W]","Limite de potência PL2 (Static) [W]","Limite de potência PL2 (Dynamic) [W]","Nível cTDP atual []","Package C2 Ocupação [%]","Package C3 Ocupação [%]","Package C6 Ocupação [%]","Package C8 Ocupação [%]","Core C0 Ocupação (avg) [%]","P-core 0 T0 C0 Ocupação [%]","P-core 0 T1 C0 Ocupação [%]","P-core 1 T0 C0 Ocupação [%]","P-core 1 T1 C0 Ocupação [%]","E-core 2 T0 C0 Ocupação [%]","E-core 3 T0 C0 Ocupação [%]","E-core 4 T0 C0 Ocupação [%]","E-core 5 T0 C0 Ocupação [%]","E-core 6 T0 C0 Ocupação [%]","E-core 7 T0 C0 Ocupação [%]","E-core 8 T0 C0 Ocupação [%]","E-core 9 T0 C0 Ocupação [%]","Core C1 Ocupação (avg) [%]","P-core 0 C1 Ocupação [%]","P-core 1 C1 Ocupação [%]","E-core 2 C1 Ocupação [%]","E-core 3 C1 Ocupação [%]","E-core 4 C1 Ocupação [%]","E-core 5 C1 Ocupação [%]","E-core 6 C1 Ocupação [%]","E-core 7 C1 Ocupação [%]","E-core 8 C1 Ocupação [%]","E-core 9 C1 Ocupação [%]","Core C6 Ocupação (avg) [%]","P-core 0 C6 Ocupação [%]","P-core 1 C6 Ocupação [%]","E-core 2 C6 Ocupação [%]","E-core 3 C6 Ocupação [%]","E-core 4 C6 Ocupação [%]","E-core 5 C6 Ocupação [%]","E-core 6 C6 Ocupação [%]","E-core 7 C6 Ocupação [%]","E-core 8 C6 Ocupação [%]","E-core 9 C6 Ocupação [%]","Core C7 Ocupação (avg) [%]","P-core 0 C7 Ocupação [%]","P-core 1 C7 Ocupação [%]","Relógio da memória [MHz]","Relação do relógio da memória [x]","Tcas [T]","Trcd [T]","Trp [T]","Tras [T]","Trc [T]","Trfc [T]","Command Rate [T]","Gear Mode []","IA Limit Reasons (avg) [Yes/No]","IA: PROCHOT [Yes/No]","IA: Evento térmico [Yes/No]","IA: Regulamento do Estado de Residência [Yes/No]","IA: Limite térmico médio em execução (RATL) [Yes/No]","IA: VR Thermal Alert [Yes/No]","IA: VR TDC [Yes/No]","IA: Ponto de Projeto Elétrico / Outro (ICCmax  PL4  SVID  DDR RAPL) [Yes/No]","IA: Package-Level RAPL/PBM PL1 [Yes/No]","IA: Package-Level RAPL/PBM PL2 PL3 [Yes/No]","IA: Max Turbo Limit [Yes/No]","IA: Atenuação turbo (MCT) [Yes/No]","IA: Aumento de velocidade térmica [Yes/No]","GT Limit Reasons (avg) [Yes/No]","GT: PROCHOT [Yes/No]","GT: Evento térmico [Yes/No]","GT: DDR RAPL [Yes/No]","GT: Regulamento do Estado de Residência [Yes/No]","GT: Limite térmico médio em execução (RATL) [Yes/No]","GT: VR Alerta térmico [Yes/No]","GT: VR TDC [Yes/No]","GT: Max VR Voltagem  ICCmax  PL4 [Yes/No]","GT: Domain-Level PBM PLGT [Yes/No]","GT: Package-Level RAPL/PBM PL1 [Yes/No]","GT: Package-Level RAPL/PBM PL2 PL3 [Yes/No]","GT: Inefficient Operation [Yes/No]","GT: Limite de fusíveis [Yes/No]","Ring Limit Reasons (avg) [Yes/No]","RING: PROCHOT [Yes/No]","RING: Evento térmico [Yes/No]","RING: DDR RAPL [Yes/No]","RING: Regulamento do Estado de Residência [Yes/No]","RING: Limite térmico médio em execução (RATL) [Yes/No]","RING: Alerta térmico VR [Yes/No]","RING: VR TDC [Yes/No]","RING: Max VR Voltagem  ICCmax  PL4 [Yes/No]","RING: Package-Level RAPL/PBM PL1 [Yes/No]","RING: Package-Level RAPL/PBM PL2 PL3 [Yes/No]","PCH Temperatura [°C]","Temperatura do disco [°C]","Falha de disco [Yes/No]","Aviso de disco [Yes/No]","Temperatura do disco [°C]","Temperatura do disco 2 [°C]","Vida restante do disco [%]","Reserva disponível do disco [%]","Falha de disco [Yes/No]","Aviso de disco [Yes/No]","Total de gravações de host [GB]","Total de leituras de host [GB]","Atividade de leitura [%]","Atividade de gravação [%]","Atividade total [%]","Taxa de leituras [MB/s]","Taxa de gravações [MB/s]","Leia total [MB]","Gravar total [MB]","Atividade de leitura [%]","Atividade de gravação [%]","Atividade total [%]","Taxa de leituras [MB/s]","Taxa de gravações [MB/s]","Leia total [MB]","Gravar total [MB]","GPU Core Temperatura [°C]","iGPU VID [V]","IGPU Potência [W]","GPU Clock [MHz]","Relógio de memória GPU [MHz]","Uso total da GPU [%]","Uso de computação GPU [%]","Uso do mecanismo mídia GPU [%]","Utilizações de D3D GPU (avg) [%]","Utilização de D3D GPU [%]","GPU Video Decode 0 Uso [%]","GPU Video Decode 1 Uso [%]","GPU Video Processing 0 Uso [%]","Uso do mecanismo de cópia da GPU [%]","Uso de memória GPU [%]","Memória GPU alocada [MB]","Memória GPU disponível [MB]","Memória dinâmica D3D GPU [MB]","Razões de aceleração da GPU (avg) [Yes/No]","Potência Média (PL1) [Yes/No]","Poder de explosão (PL2) [Yes/No]","Current (PL4) [Yes/No]","Térmico [Yes/No]","Fonte de energia [Yes/No]","Limite de software [Yes/No]","Limite de Hardware [Yes/No]","Voltagem da bateria [V]","Capacidade restante [Wh]","Nível de carga [%]","Taxa de carga [W]","Nível de desgaste [%]","Taxa de quadros Presented (avg) [FPS]","Taxa de quadros Presented (99%) [FPS]","Taxa de quadros Presented (1%) [FPS]","Taxa de quadros Presented (0.1%) [FPS]","Taxa de quadros Presented (1% low) [FPS]","Taxa de quadros Presented (0.1% low) [FPS]","Taxa de quadros Displayed (avg) [FPS]","Taxa de quadros Displayed (99%) [FPS]","Taxa de quadros Displayed (1%) [FPS]","Taxa de quadros Displayed (0.1%) [FPS]","Taxa de quadros Displayed (1% low) [FPS]","Taxa de quadros Displayed (0.1% low) [FPS]","Frame Time Presented (avg) [ms]","Frame Time Presented (99%) [ms]","Frame Time Presented (1%) [ms]","Frame Time Presented (0.1%) [ms]","Frame Time Displayed (1% high) [ms]","Frame Time Displayed (0.1% high) [ms]","GPU Busy (avg) [ms]","GPU Wait (avg) [ms]","CPU Busy (avg) [ms]","CPU Wait (avg) [ms]","Animation Error (avg) [ms]","Total download [MB]","Total upload [MB]","Taxa de download atual [KB/s]","Taxa de upload atual [KB/s]","Total de erros []",
20.9.2026,12:12:28.325,5419,11673,31.7,5548,10520,34.5,3.9,1024,40,0.960,1.041,1.146,1.062,1.062,1.177,1.062,1.044,0.659,0.676,0.676,0.671,2294.4,2992.7,3990.2,3092.4,3092.4,3092.4,3092.4,997.6,798.0,897.8,897.8,99.8,3391.7,58.5,19.5,309.8,236.6,16.1,6.0,28.3,12.3,9.2,25.6,17.2,8.3,13.7,79.7,4.1,0.7,16.5,9.4,1.9,6.4,1.2,0.2,1.5,1.1,1.8,1.5,7.1,16.5,4.1,100.0,5.4,1.7,26.0,19.7,1.4,0.9,4.1,1.7,1.3,3.5,2.2,1.2,1.8,5.4,23.0,30.0,40.0,31.0,31.0,31.0,31.0,10.0,8.0,9.0,9.0,34.0,48,50,52,49,48,48,48,48,47,47,48,52,50,48,51,52,52,52,52,53,53,52,51,52,Não,Não,Não,Não,Não,Não,Não,Não,Não,Não,Não,Não,Não,Não,Não,Não,Não,Não,Não,Não,Não,Não,Não,Não,Não,Não,Não,Não,Não,Não,Não,Não,Não,Não,Não,Não,51,48,48,0.000,0.000,0.000,0.000,0.000,0.000,0.000,1.200,10.938,7.251,4.438,0.026,15.076,2.264,0.227,0.057,30.0,10.0,39.0,25.5,0,15.3,0.8,6.5,44.5,3.2,1.3,17.1,10.2,1.0,0.5,2.2,0.9,0.7,1.8,1.0,0.7,1.2,0.2,1.5,0.2,0.0,0.0,0.0,0.0,0.0,0.0,0.0,0.0,78.2,0.0,0.0,98.9,95.2,98.2,98.5,96.3,98.2,98.6,98.1,79.8,75.0,84.5,1064.1,10.67,15,15,15,35,62,587,1,2,Sim,Não,Não,Não,Não,Não,Não,Sim,Não,Não,Sim,Não,Não,Não,Não,Não,Não,Não,Não,Não,Não,Não,Não,Não,Não,Não,Não,Sim,Não,Não,Não,Não,Não,Não,Não,Sim,Não,Não,52.0,28,Não,Não,35,35,87.0,100.0,Não,Não,18433,29287,0.0,0.0,0.0,0.000,0.000,13538,50368,0.0,0.2,0.2,0.000,0.073,41549,36841,48,0.230,3.103,300.0,1330.0,0.8,0.3,0.0,0.2,0.9,0.0,0.0,0.0,0.0,5.2,416,7617,417,Não,Não,Não,Não,Não,Não,Não,Não,12.556,27.945,92.0,9.882,24.9,5.1,60.4,2.6,2.6,2.6,2.6,5.1,60.4,2.6,2.6,2.6,2.6,196.51,383.50,16.55,16.53,383.57,383.57,0.46,0.00,196.51,0.00,169.74,52,4,0.1,0.0,0,
20.9.2026,12:12:30.295,5426,11666,31.7,5556,10512,34.5,3.9,1024,40,1.159,1.057,1.178,1.168,1.168,1.183,1.173,1.181,1.171,1.181,1.131,0.671,2723.3,3491.5,3691.0,2892.9,3291.9,3291.9,997.6,3291.9,1496.3,1496.3,3291.9,99.8,3391.7,180.4,121.0,359.1,372.8,50.0,104.7,212.6,189.1,159.6,175.2,111.0,159.2,149.9,196.1,10.0,4.4,18.3,16.2,2.6,7.5,14.1,13.0,9.1,10.3,4.6,10.1,10.0,18.3,10.0,100.0,18.7,10.0,29.8,30.4,4.3,12.6,25.5,22.3,18.9,20.6,13.4,18.9,17.2,18.7,27.3,35.0,37.0,29.0,33.0,33.0,10.0,33.0,15.0,15.0,33.0,34.0,59,76,56,60,60,60,60,55,55,55,55,41,24,44,40,40,40,40,45,45,45,45,76,76,Não,Não,Não,Não,Não,Não,Não,Não,Não,Não,Não,Não,Não,Não,Não,Não,Não,Não,Não,Não,Não,Não,Não,Não,Não,Não,Não,Não,Não,Não,Não,Não,Não,Não,Não,Não,66,66,50,0.000,0.000,0.000,0.000,0.000,0.000,0.000,1.200,19.375,3.075,1.069,0.002,7.089,1.672,0.126,0.057,30.0,10.0,39.0,25.5,0,8.1,0.8,1.3,27.2,9.9,4.1,18.0,16.0,2.2,7.1,13.9,12.7,8.7,9.9,5.0,10.4,10.3,1.5,1.5,1.7,2.0,1.7,1.9,1.5,1.9,1.1,1.6,0.0,69.8,0.6,0.2,89.8,81.3,83.9,88.3,86.4,92.5,86.6,88.7,74.7,72.0,77.4,1330.1,13.33,19,19,19,43,62,734,1,2,Sim,Não,Não,Não,Não,Não,Não,Sim,Não,Não,Sim,Não,Não,Não,Não,Não,Não,Não,Não,Não,Não,Não,Não,Não,Não,Não,Não,Sim,Não,Não,Não,Não,Não,Não,Não,Sim,Não,Não,52.0,28,Não,Não,35,35,87.0,100.0,Não,Não,18433,29287,0.0,0.0,0.0,0.000,0.000,13538,50368,0.0,0.9,0.9,0.002,1.487,41549,36844,51,0.235,4.953,300.0,1064.0,1.6,1.4,0.0,0.3,1.7,0.0,0.0,0.0,0.0,5.2,420,7613,421,Não,Não,Não,Não,Não,Não,Não,Não,12.557,27.945,92.0,9.870,24.9,8.2,75.1,1.9,1.9,1.9,1.9,8.2,60.5,1.9,1.9,1.9,1.9,121.73,533.29,13.31,13.14,533.35,533.35,2.68,2.02,121.73,0.00,66.24,52,4,0.2,0.0,0,
20.9.2026,12:12:32.321,5420,11672,31.7,5545,10522,34.5,3.9,1024,40,1.153,1.106,1.151,1.176,1.167,1.146,1.156,1.156,1.156,1.156,1.156,0.671,2064.9,1396.6,3990.2,997.6,3291.9,3291.9,1895.4,1895.4,1895.4,997.6,997.6,99.8,3092.4,234.1,53.7,814.9,691.5,63.1,89.7,370.6,147.2,150.2,171.9,76.8,70.4,109.3,297.6,13.1,1.5,33.4,31.6,1.8,7.5,29.6,11.0,10.8,12.1,5.3,4.2,8.1,33.4,13.1,100.0,22.3,4.4,65.1,55.1,5.0,10.3,43.6,17.1,17.2,20.0,9.1,8.2,12.6,22.3,20.7,14.0,40.0,10.0,33.0,33.0,19.0,19.0,19.0,10.0,10.0,31.0,50,53,52,52,52,52,52,48,48,48,48,50,47,48,48,48,48,48,52,52,52,52,54,53,Não,Não,Não,Não,Não,Não,Não,Não,Não,Não,Não,Não,Não,Não,Não,Não,Não,Não,Não,Não,Não,Não,Não,Não,Não,Não,Não,Não,Não,Não,Não,Não,Não,Não,Não,Não,59,59,48,0.000,0.000,0.000,0.000,0.000,0.000,0.000,1.200,16.563,5.092,2.452,0.011,11.029,2.176,0.163,0.057,30.0,10.0,39.0,25.5,0,0.1,0.0,0.0,0.0,13.2,1.6,33.3,31.6,1.9,7.6,29.5,11.0,10.9,12.3,5.4,4.3,8.9,1.1,2.4,5.5,0.0,1.9,0.0,0.0,1.0,0.0,0.0,0.0,71.1,5.9,9.0,91.8,64.7,87.9,88.2,84.7,93.6,94.9,90.4,51.0,52.8,49.3,1330.1,13.33,19,19,19,43,62,734,2,1,Sim,Não,Não,Não,Não,Não,Não,Sim,Não,Não,Sim,Não,Não,Não,Não,Não,Não,Não,Não,Não,Não,Não,Não,Não,Não,Não,Não,Sim,Não,Não,Não,Não,Não,Não,Não,Sim,Não,Não,51.0,28,Não,Não,35,35,87.0,100.0,Não,Não,18433,29287,0.0,0.0,0.0,0.000,0.000,13538,50368,0.0,2.9,2.9,0.000,9.255,41549,36862,48,0.235,6.777,300.0,1330.0,1.9,1.1,0.0,0.4,2.2,0.0,0.0,0.0,0.0,5.2,415,7619,415,Não,Não,Não,Não,Não,Não,Não,Não,12.556,27.956,92.0,9.831,24.9,4.7,46.6,2.5,2.5,2.5,2.5,4.6,45.5,2.5,2.5,2.5,2.5,214.90,397.09,21.47,16.66,399.71,399.71,0.56,0.89,214.90,0.00,200.35,52,4,0.6,0.1,0,
20.9.2026,12:12:34.316,5434,11658,31.7,5563,10504,34.6,3.9,1024,40,1.058,1.143,1.137,1.167,1.137,0.675,0.771,1.176,1.171,1.106,1.098,0.671,2174.7,3990.2,3990.2,997.6,997.6,997.6,997.6,1596.1,1596.1,3291.9,3291.9,99.8,3591.2,171.5,40.8,634.6,651.9,27.8,46.5,253.2,106.3,51.2,166.2,40.5,24.6,14.4,226.5,10.8,1.3,33.7,35.8,0.4,4.0,22.7,8.6,3.8,14.2,3.3,0.7,1.3,35.8,10.8,100.0,15.9,3.4,51.0,51.7,2.3,5.3,29.3,12.3,6.0,19.3,4.8,3.0,1.8,15.9,21.8,40.0,40.0,10.0,10.0,10.0,10.0,16.0,16.0,33.0,33.0,36.0,52,57,52,53,53,53,53,49,49,49,49,48,43,48,47,47,47,47,51,51,51,51,57,57,Não,Não,Não,Não,Não,Não,Não,Não,Não,Não,Não,Não,Não,Não,Não,Não,Não,Não,Não,Não,Não,Não,Não,Não,Não,Não,Não,Não,Não,Não,Não,Não,Não,Não,Não,Não,68,68,46,0.000,0.000,0.000,0.000,0.000,0.000,0.000,1.200,19.063,6.609,3.417,0.004,15.561,2.603,0.195,0.057,30.0,10.0,39.0,25.5,0,0.2,0.1,0.0,0.0,11.2,1.7,33.6,35.9,1.6,4.4,23.0,9.0,4.3,14.6,3.0,1.9,0.9,0.7,0.3,5.8,0.0,0.1,0.0,0.0,0.5,0.0,0.0,0.0,74.3,5.2,8.3,95.1,74.6,90.0,94.8,82.8,96.2,97.4,98.5,50.8,55.5,46.1,1330.1,13.33,19,19,19,43,62,734,1,2,Sim,Não,Não,Não,Não,Não,Não,Sim,Não,Não,Sim,Não,Não,Não,Não,Não,Não,Não,Não,Não,Não,Não,Não,Não,Não,Não,Não,Sim,Não,Não,Não,Não,Não,Não,Não,Sim,Não,Não,53.0,28,Não,Não,35,35,87.0,100.0,Não,Não,18433,29287,0.0,0.0,0.0,0.000,0.000,13538,50368,0.0,3.8,3.8,0.000,8.022,41549,36877,48,0.235,5.590,300.0,1330.0,0.3,0.2,0.0,0.1,0.4,0.0,0.0,0.0,0.0,5.2,415,7619,415,Não,Não,Não,Não,Não,Não,Não,Não,12.556,27.956,92.0,9.831,24.9,3.5,3.5,3.5,3.5,3.5,3.5,3.5,3.5,3.5,3.5,3.5,3.5,284.18,284.18,284.18,284.18,284.18,284.18,1.17,0.00,284.18,0.00,566.05,52,4,0.1,0.0,0,
20.9.2026,12:12:36.317,5433,11659,31.7,5561,10507,34.6,3.9,1024,40,1.041,1.143,1.149,1.054,1.054,1.089,1.099,0.804,0.811,1.101,1.101,0.671,2503.9,3990.2,4389.3,3092.4,997.6,997.6,997.6,1995.1,1995.1,3291.9,3291.9,99.8,3591.2,146.3,12.8,432.9,391.7,20.7,119.8,262.3,214.6,150.9,98.4,14.2,4.9,32.1,200.7,11.1,1.1,22.9,23.8,2.3,12.3,24.9,20.9,15.0,8.6,1.0,0.9,0.0,24.9,11.1,100.0,14.4,1.1,35.0,31.4,1.7,13.6,30.1,24.3,17.2,11.5,1.8,0.7,3.8,14.4,25.1,40.0,44.0,31.0,10.0,10.0,10.0,20.0,20.0,33.0,33.0,36.0,50,53,51,52,52,52,52,47,47,47,47,50,47,49,48,48,48,48,53,53,53,53,53,53,Não,Não,Não,Não,Não,Não,Não,Não,Não,Não,Não,Não,Não,Não,Não,Não,Não,Não,Não,Não,Não,Não,Não,Não,Não,Não,Não,Não,Não,Não,Não,Não,Não,Não,Não,Não,71,71,46,0.000,0.000,0.000,0.000,0.000,0.000,0.000,1.200,19.688,5.716,2.467,0.002,14.005,2.662,0.163,0.080,30.0,10.0,39.0,25.5,0,0.2,0.0,0.0,0.0,11.0,0.6,22.4,23.4,1.0,11.8,24.5,20.4,14.5,8.9,1.3,0.4,3.2,0.2,1.6,0.5,0.0,0.0,0.0,0.0,0.0,0.0,0.0,0.0,71.6,1.4,7.0,87.8,73.7,78.8,84.9,89.6,98.0,99.0,96.3,67.7,70.1,65.3,1064.1,10.67,15,15,15,35,62,587,1,2,Sim,Não,Não,Não,Não,Não,Não,Não,Não,Não,Sim,Não,Não,Não,Não,Não,Não,Não,Não,Não,Não,Não,Não,Não,Não,Não,Não,Sim,Não,Não,Não,Não,Não,Não,Não,Sim,Não,Não,52.0,28,Não,Não,35,35,87.0,100.0,Não,Não,18433,29287,0.0,0.0,0.0,0.000,0.000,13538,50368,0.0,2.5,2.5,0.000,6.744,41549,36890,47,0.230,4.980,300.0,1330.0,0.3,0.1,0.0,0.0,0.2,0.0,0.0,0.0,0.0,5.2,415,7619,415,Não,Não,Não,Não,Não,Não,Não,Não,12.557,27.968,92.1,9.832,24.9,0.5,0.5,0.5,0.5,0.5,0.5,0.5,0.5,0.5,0.5,0.5,0.5,1866.10,1866.10,1866.10,1866.10,1866.10,1866.10,1.06,4.36,1866.10,0.00,1783.02,52,4,0.1,0.0,0,
20.9.2026,12:12:38.320,5421,11671,31.7,5555,10512,34.5,3.9,1024,40,1.091,1.168,1.151,1.177,1.136,1.161,1.047,1.102,1.097,1.087,0.787,0.866,2583.7,3990.2,4389.3,3092.4,3092.4,3291.9,3092.4,997.6,997.6,1895.4,997.6,99.8,3391.7,163.4,45.0,403.3,543.8,13.6,34.3,285.4,226.8,112.3,203.0,49.3,35.8,7.9,208.1,11.8,1.2,18.2,27.9,0.0,2.2,26.1,20.5,9.4,19.6,4.9,4.4,6.8,27.9,11.8,100.0,15.9,3.6,32.6,43.5,1.1,4.0,32.7,25.8,12.8,23.3,5.7,4.2,1.1,15.9,25.9,40.0,44.0,31.0,31.0,33.0,31.0,10.0,10.0,19.0,10.0,34.0,50,53,49,52,52,52,52,48,48,48,49,50,47,51,48,48,48,48,52,52,52,51,53,53,Não,Não,Não,Não,Não,Não,Não,Não,Não,Não,Não,Não,Não,Não,Não,Não,Não,Não,Não,Não,Não,Não,Não,Não,Não,Não,Não,Não,Não,Não,Não,Não,Não,Não,Não,Não,63,63,47,0.000,0.000,0.000,0.000,0.000,0.000,0.000,1.200,14.688,4.981,1.786,0.001,12.835,2.565,0.158,0.139,30.0,10.0,39.0,25.5,0,0.6,0.0,0.0,0.0,11.4,1.5,18.5,27.8,0.7,3.3,26.3,21.2,10.4,19.3,4.5,3.2,0.6,0.2,0.4,0.1,0.0,0.5,0.6,0.0,0.0,0.0,0.0,0.0,71.4,1.4,8.8,96.3,71.5,77.4,89.0,79.2,94.9,96.2,98.9,67.2,74.8,59.6,1330.1,13.33,19,19,19,43,62,734,2,1,Sim,Não,Não,Não,Não,Não,Não,Sim,Não,Não,Sim,Não,Não,Não,Não,Não,Não,Não,Não,Não,Não,Não,Não,Não,Não,Não,Não,Sim,Não,Não,Não,Não,Não,Não,Não,Sim,Não,Não,52.0,28,Não,Não,35,35,87.0,100.0,Não,Não,18433,29287,0.0,0.0,0.0,0.000,0.000,13538,50368,0.0,2.8,2.8,0.008,7.281,41549,36904,48,0.235,5.691,300.0,1064.0,0.2,0.1,0.0,0.1,0.3,0.0,0.0,0.0,0.0,5.2,415,7619,415,Não,Não,Não,Não,Não,Não,Não,Não,12.556,27.968,92.1,9.819,24.9,0.5,0.5,0.5,0.5,0.5,0.5,0.5,0.5,0.5,0.5,0.5,0.5,1866.10,1866.10,1866.10,1866.10,1866.10,1866.10,1.06,4.36,1866.10,0.00,1783.02,52,4,0.1,0.0,0,
20.9.2026,12:12:40.324,5409,11682,31.6,5535,10533,34.4,3.9,1024,40,1.053,1.217,1.154,1.109,1.109,1.109,0.684,1.169,1.099,0.784,1.099,0.671,2124.8,3491.5,4389.3,997.6,997.6,997.6,997.6,3291.9,3291.9,997.6,1795.6,99.8,3391.7,147.9,46.1,399.9,325.6,41.2,130.2,301.6,231.0,81.7,129.4,63.4,21.0,3.9,194.7,11.5,1.7,23.0,18.4,1.4,13.7,29.3,23.4,8.4,12.1,4.8,2.3,0.0,29.3,11.5,100.0,14.7,3.7,32.5,26.3,3.3,14.8,34.9,26.2,9.3,15.0,7.3,2.5,0.6,14.7,21.3,35.0,44.0,10.0,10.0,10.0,10.0,33.0,33.0,10.0,18.0,34.0,49,51,49,50,50,50,50,47,47,48,48,51,49,51,50,50,50,50,53,53,52,52,51,51,Não,Não,Não,Não,Não,Não,Não,Não,Não,Não,Não,Não,Não,Não,Não,Não,Não,Não,Não,Não,Não,Não,Não,Não,Não,Não,Não,Não,Não,Não,Não,Não,Não,Não,Não,Não,57,57,46,0.000,0.000,0.000,0.000,0.000,0.000,0.000,1.200,18.125,5.710,2.548,0.000,13.559,2.523,0.155,0.145,30.0,10.0,39.0,25.5,0,0.4,0.0,0.0,0.0,11.3,1.3,22.6,18.0,1.8,12.6,28.6,22.4,7.4,12.4,6.0,2.0,0.3,0.0,0.1,0.1,0.0,0.0,0.0,0.0,0.0,0.0,0.0,0.0,70.5,3.6,0.0,86.9,69.1,76.7,92.0,86.2,93.4,97.5,99.2,72.7,68.3,77.0,1064.1,10.67,15,15,15,35,62,587,1,2,Sim,Não,Não,Não,Não,Não,Não,Sim,Não,Não,Sim,Não,Não,Não,Não,Não,Não,Não,Não,Não,Não,Não,Não,Não,Não,Não,Não,Sim,Não,Não,Não,Não,Não,Não,Não,Sim,Não,Não,52.0,28,Não,Não,35,35,87.0,100.0,Não,Não,18433,29287,0.0,0.0,0.0,0.000,0.000,13538,50368,0.0,5.6,5.6,0.016,10.840,41549,36925,46,0.235,4.992,300.0,1330.0,0.2,0.1,0.0,0.0,0.2,0.0,0.0,0.0,0.0,5.2,415,7619,415,Não,Não,Não,Não,Não,Não,Não,Não,12.556,27.968,92.1,9.806,24.9,0.5,0.5,0.5,0.5,0.5,0.5,0.5,0.5,0.5,0.5,0.5,0.5,1882.61,1882.61,1882.61,1882.61,1882.61,1882.61,1.09,10.25,1882.61,0.00,1782.50,52,4,0.1,0.0,0,
20.9.2026,12:12:42.330,5409,11683,31.6,5534,10534,34.4,3.9,1024,40,1.139,1.157,1.130,1.144,1.154,1.154,1.124,1.119,1.124,1.124,1.159,0.866,2493.9,3990.2,3990.2,997.6,1695.9,3291.9,1695.9,997.6,3291.9,3291.9,1695.9,99.8,2693.4,154.5,22.9,568.2,576.6,21.1,90.9,311.9,95.5,73.5,67.7,13.4,5.6,7.0,220.1,10.7,0.7,33.0,34.1,1.8,7.7,28.1,8.5,6.6,6.0,1.8,0.0,0.4,34.1,10.7,100.0,14.4,1.9,45.7,45.9,1.7,10.3,36.0,11.0,8.6,8.1,1.7,0.8,0.9,14.4,25.0,40.0,40.0,10.0,17.0,33.0,17.0,10.0,33.0,33.0,17.0,27.0,52,56,52,54,54,54,54,48,48,48,48,48,44,48,46,46,46,46,52,52,52,52,56,56,Não,Não,Não,Não,Não,Não,Não,Não,Não,Não,Não,Não,Não,Não,Não,Não,Não,Não,Não,Não,Não,Não,Não,Não,Não,Não,Não,Não,Não,Não,Não,Não,Não,Não,Não,Não,58,58,47,0.000,0.000,0.000,0.000,0.000,0.000,0.000,1.200,18.438,4.871,1.694,0.001,12.848,2.544,0.158,0.136,30.0,10.0,39.0,25.5,0,0.3,0.0,0.0,0.0,10.8,0.9,32.9,34.2,1.2,8.5,27.9,8.7,6.6,6.2,1.2,0.5,0.6,0.1,0.7,0.6,0.0,0.0,0.0,0.0,0.0,0.0,0.0,0.0,74.8,3.5,12.5,91.1,70.1,90.5,92.7,92.1,98.1,98.9,98.9,53.4,58.5,48.2,1330.1,13.33,19,19,19,43,62,734,2,1,Sim,Não,Não,Não,Não,Não,Não,Sim,Não,Não,Sim,Não,Não,Não,Não,Não,Não,Não,Não,Não,Não,Não,Não,Não,Não,Não,Não,Sim,Não,Não,Não,Não,Não,Não,Não,Sim,Não,Não,52.0,28,Não,Não,35,35,87.0,100.0,Não,Não,18433,29287,0.0,0.0,0.0,0.000,0.000,13538,50368,0.0,3.0,3.0,0.000,9.335,41549,36942,48,0.235,5.223,300.0,1064.0,0.2,0.1,0.0,0.0,0.2,0.0,0.0,0.0,0.0,5.2,415,7619,415,Não,Não,Não,Não,Não,Não,Não,Não,12.556,27.979,92.1,9.781,24.9,0.5,0.5,0.5,0.5,0.5,0.5,0.5,0.5,0.5,0.5,0.5,0.5,1882.61,1882.61,1882.61,1882.61,1882.61,1882.61,1.09,10.25,1882.61,0.00,1782.50,52,4,0.1,0.0,0,
20.9.2026,12:12:44.341,5422,11670,31.7,5552,10516,34.5,3.9,1024,40,1.152,1.159,1.152,1.157,1.157,1.157,1.142,1.167,1.132,1.137,1.157,0.671,2853.0,4389.3,3990.2,3291.9,3291.9,3291.9,3291.9,997.6,997.6,1695.9,3291.9,99.8,3391.7,281.6,22.5,997.7,875.5,17.8,51.1,575.2,255.1,158.2,242.5,104.9,45.0,33.4,369.1,15.2,0.9,33.2,30.6,1.4,4.0,45.9,19.9,11.3,18.8,8.3,4.4,3.4,45.9,15.2,100.0,27.1,1.9,79.8,69.8,1.5,6.0,67.2,29.5,18.6,28.9,12.3,5.3,4.0,27.1,28.6,44.0,40.0,33.0,33.0,33.0,33.0,10.0,10.0,17.0,33.0,34.0,53,56,54,54,54,54,54,50,50,50,50,47,44,46,46,46,46,46,50,50,50,50,56,56,Não,Não,Não,Não,Não,Não,Não,Não,Não,Não,Não,Não,Não,Não,Não,Não,Não,Não,Não,Não,Não,Não,Não,Não,Não,Não,Não,Não,Não,Não,Não,Não,Não,Não,Não,Não,64,64,46,0.000,0.000,0.000,0.000,0.000,0.000,0.000,1.200,17.813,5.388,2.245,0.000,13.154,2.507,0.158,0.141,30.0,10.0,39.0,25.5,0,0.0,0.0,0.0,0.0,14.9,1.0,33.2,30.7,0.8,4.1,45.1,19.9,11.4,18.3,7.7,3.1,2.8,2.3,2.6,3.2,0.0,14.2,0.2,1.2,0.7,0.8,0.0,0.0,66.6,1.0,7.6,95.4,37.3,78.3,86.1,77.5,90.3,96.1,96.5,54.5,56.2,52.8,1330.1,13.33,19,19,19,43,62,734,1,2,Sim,Não,Não,Não,Não,Não,Não,Sim,Não,Não,Sim,Não,Não,Não,Não,Não,Não,Não,Não,Não,Não,Não,Não,Não,Não,Não,Não,Sim,Não,Não,Não,Não,Não,Não,Não,Sim,Não,Não,52.0,28,Não,Não,35,35,87.0,100.0,Não,Não,18433,29287,0.0,0.0,0.0,0.000,0.000,13538,50368,0.0,3.3,3.3,0.000,8.747,41549,36959,46,0.235,8.259,300.0,1330.0,6.2,4.6,0.0,1.3,6.7,0.0,0.0,0.0,0.0,5.2,416,7618,416,Não,Não,Não,Não,Não,Não,Não,Não,12.556,27.979,92.1,9.756,24.9,33.9,125.9,4.5,4.3,4.3,4.3,34.0,128.2,4.6,4.3,4.3,4.3,29.46,222.36,7.94,7.83,234.57,234.57,2.09,0.78,29.46,0.00,23.99,52,4,0.2,0.0,0,
20.9.2026,12:12:46.360,5572,11519,32.6,5581,10487,34.7,3.9,1024,40,0.957,0.935,0.959,0.970,0.967,0.964,0.964,0.967,0.976,0.938,0.933,0.671,2623.6,2793.2,2892.9,2593.7,2593.7,2593.7,2593.7,2593.7,2593.7,2493.9,2493.9,99.8,2294.4,363.2,266.2,943.2,578.3,284.8,237.0,272.8,263.5,261.1,292.5,316.1,325.2,318.0,388.4,12.5,9.6,30.3,18.7,9.8,9.9,11.3,9.7,9.4,10.5,11.5,9.8,9.9,30.3,12.5,100.0,31.8,21.2,75.7,45.5,21.3,25.6,30.3,26.9,26.2,28.3,28.5,26.7,25.7,31.8,26.3,28.0,29.0,26.0,26.0,26.0,26.0,26.0,26.0,25.0,25.0,23.0,62,64,65,61,62,62,61,61,61,60,60,38,36,35,39,38,38,39,39,39,40,40,64,65,Não,Não,Não,Não,Não,Não,Não,Não,Não,Não,Não,Não,Não,Não,Não,Não,Não,Não,Não,Não,Não,Não,Não,Não,Não,Não,Não,Não,Não,Não,Não,Não,Não,Não,Não,Não,64,64,49,0.000,0.000,0.000,0.000,0.000,0.000,0.000,1.200,26.250,8.321,4.942,0.031,17.518,2.708,0.244,0.058,30.0,10.0,39.0,25.5,0,15.5,1.5,19.5,13.5,13.6,9.4,30.4,19.1,10.0,9.4,11.8,10.6,10.4,12.1,13.8,13.2,12.6,0.0,0.1,0.1,0.0,0.0,0.0,0.0,0.0,0.0,0.0,0.0,69.9,1.6,1.2,89.9,85.0,88.4,88.7,86.1,85.3,86.0,86.7,67.3,60.6,74.0,1330.1,13.33,19,19,19,43,62,734,1,2,Sim,Não,Não,Não,Não,Não,Não,Sim,Não,Não,Sim,Não,Não,Não,Não,Não,Não,Não,Não,Não,Não,Não,Não,Não,Não,Não,Não,Sim,Não,Não,Não,Não,Não,Não,Não,Sim,Não,Não,52.0,28,Não,Não,35,35,87.0,100.0,Não,Não,18433,29287,0.0,0.0,0.0,0.000,0.000,13538,50368,0.0,1.2,1.2,0.000,1.056,41549,36961,48,0.230,6.409,300.0,1330.0,1.1,0.5,0.0,0.3,1.3,0.0,0.0,0.0,0.0,5.2,415,7618,416,Não,Não,Não,Não,Não,Não,Não,Não,12.556,27.979,92.1,9.769,24.9,8.8,111.8,1.4,1.3,1.3,1.3,8.8,60.2,1.4,1.3,1.3,1.3,113.30,700.60,8.95,8.14,774.98,774.98,0.54,1.04,113.30,0.00,116.13,52,4,0.2,0.0,0,
20.9.2026,12:12:48.359,5572,11520,32.6,5580,10488,34.7,3.9,1024,40,0.942,0.926,0.931,0.963,0.960,0.932,0.926,0.937,0.957,0.955,0.930,0.668,2593.7,2793.2,2793.2,2593.7,2593.7,2493.9,2493.9,2493.9,2593.7,2593.7,2493.9,99.8,2194.6,2606.8,2782.0,2779.7,2806.2,2809.2,2499.9,2505.7,2514.0,2515.6,2517.1,2517.3,2517.7,2517.3,2651.5,100.0,100.0,100.0,100.0,100.0,100.0,100.0,100.0,100.0,100.0,100.0,100.0,100.0,100.0,100.0,100.0,261.8,220.1,220.1,220.1,220.1,282.7,282.7,282.7,282.7,282.7,282.7,282.7,282.7,261.8,26.0,28.0,28.0,26.0,26.0,25.0,25.0,25.0,26.0,26.0,25.0,22.0,66,70,69,66,68,68,66,64,64,65,65,34,30,31,34,32,32,34,36,36,35,35,70,70,Não,Não,Não,Não,Não,Não,Não,Não,Não,Não,Não,Não,Não,Não,Não,Não,Não,Não,Não,Não,Não,Não,Não,Não,Não,Não,Não,Não,Não,Não,Não,Não,Não,Não,Não,Não,73,73,53,0.000,0.000,0.000,0.000,0.000,0.000,0.000,1.200,24.375,6.640,3.905,0.002,13.124,2.220,0.230,0.058,30.0,10.0,39.0,25.5,0,0.0,0.0,0.0,0.0,98.9,98.2,98.1,99.1,99.2,98.5,98.7,99.1,99.1,99.2,99.2,99.2,99.2,0.0,0.0,0.0,0.0,0.0,0.0,0.0,0.0,0.0,0.0,0.0,0.0,0.0,0.0,0.0,0.0,0.0,0.0,0.0,0.0,0.0,0.0,0.0,0.0,0.0,1330.1,13.33,19,19,19,43,62,734,1,2,Sim,Não,Não,Não,Não,Não,Não,Sim,Não,Não,Não,Não,Não,Não,Não,Não,Não,Não,Não,Não,Não,Não,Não,Não,Não,Não,Não,Sim,Não,Não,Não,Não,Não,Não,Não,Sim,Não,Não,53.0,28,Não,Não,35,35,87.0,100.0,Não,Não,18433,29287,0.0,0.0,0.0,0.000,0.000,13538,50368,0.0,0.5,0.5,0.000,0.306,41549,36962,53,0.227,23.720,300.0,1330.0,0.4,0.2,0.0,0.1,0.4,0.0,0.0,0.0,0.0,5.2,415,7618,416,Não,Não,Não,Não,Não,Não,Não,Não,12.554,27.990,92.1,9.667,24.9,2.1,39.2,1.1,1.1,1.1,1.1,2.1,38.5,1.1,1.1,1.1,1.1,483.88,942.25,25.51,17.09,951.61,951.61,0.96,7.37,483.88,0.00,818.16,52,4,3.1,0.1,0,
20.9.2026,12:12:50.366,5567,11525,32.5,5573,10494,34.6,3.9,1024,40,0.941,0.927,0.925,0.960,0.929,0.966,0.959,0.961,0.923,0.926,0.932,0.668,2583.7,2793.2,2793.2,2493.9,2493.9,2593.7,2593.7,2593.7,2493.9,2493.9,2493.9,99.8,2194.6,2582.5,2763.2,2758.8,2780.4,2782.3,2477.2,2484.3,2490.7,2491.0,2491.7,2490.4,2488.9,2490.8,2628.5,100.0,100.0,100.0,100.0,100.0,100.0,100.0,100.0,100.0,100.0,100.0,100.0,100.0,100.0,100.0,100.0,259.2,217.9,217.9,218.0,218.0,279.8,279.8,279.8,279.8,279.8,279.8,279.8,279.8,259.2,25.9,28.0,28.0,25.0,25.0,26.0,26.0,26.0,25.0,25.0,25.0,22.0,68,72,70,68,68,66,66,67,67,65,67,32,28,30,32,32,34,34,33,33,35,33,72,72,Não,Não,Não,Não,Não,Não,Não,Não,Não,Não,Não,Não,Não,Não,Não,Não,Não,Não,Não,Não,Não,Não,Não,Não,Não,Não,Não,Não,Não,Não,Não,Não,Não,Não,Não,Não,73,73,54,0.000,0.000,0.000,0.000,0.000,0.000,0.000,1.200,23.438,23.648,18.478,0.002,38.740,3.752,1.013,0.058,30.0,10.0,39.0,25.5,0,0.0,0.0,0.0,0.0,98.9,98.5,98.3,99.1,99.1,98.6,98.9,99.1,99.1,99.2,99.1,99.1,99.1,0.0,0.0,0.0,0.0,0.0,0.0,0.0,0.0,0.0,0.0,0.0,0.0,0.0,0.0,0.0,0.0,0.0,0.0,0.0,0.0,0.0,0.0,0.0,0.0,0.0,1330.1,13.33,19,19,19,43,62,734,1,2,Sim,Não,Não,Não,Não,Não,Não,Sim,Não,Não,Não,Não,Não,Não,Não,Não,Não,Não,Não,Não,Não,Não,Não,Não,Não,Não,Não,Sim,Não,Não,Não,Não,Não,Não,Não,Sim,Não,Não,54.0,28,Não,Não,35,35,87.0,100.0,Não,Não,18433,29287,0.0,0.0,0.0,0.000,0.000,13538,50368,0.0,0.4,0.4,0.000,0.030,41549,36962,54,0.227,23.663,300.0,1330.0,0.2,0.1,0.0,0.1,0.3,0.0,0.0,0.0,0.0,5.2,415,7618,416,Não,Não,Não,Não,Não,Não,Não,Não,12.555,28.001,92.2,9.655,24.9,0.6,0.6,0.6,0.6,0.6,0.6,0.6,0.6,0.6,0.6,0.6,0.6,1683.06,1683.06,1683.06,1683.06,1683.06,1683.06,1.65,18.16,1683.06,0.00,1433.05,52,4,0.1,0.0,0,
20.9.2026,12:12:52.402,5566,11526,32.5,5573,10495,34.6,3.9,1024,40,0.941,0.958,0.922,0.965,0.932,0.930,0.924,0.959,0.933,0.923,0.963,0.668,2593.7,2892.9,2793.2,2593.7,2493.9,2493.9,2493.9,2593.7,2493.9,2493.9,2593.7,99.8,2294.4,2591.4,2768.9,2765.2,2789.1,2791.3,2486.7,2495.4,2498.6,2500.3,2500.9,2501.1,2499.4,2500.5,2636.9,100.0,100.0,100.0,100.0,100.0,100.0,100.0,100.0,100.0,100.0,100.0,100.0,100.0,100.0,100.0,100.0,260.1,218.7,218.7,218.6,218.6,280.8,280.8,280.8,280.8,280.8,280.8,280.8,280.8,260.1,26.0,29.0,28.0,26.0,25.0,25.0,25.0,26.0,25.0,25.0,26.0,23.0,69,70,72,68,68,68,69,68,68,68,68,31,30,28,32,32,32,31,32,32,32,32,73,72,Não,Não,Não,Não,Não,Não,Não,Não,Não,Não,Não,Não,Não,Não,Não,Não,Não,Não,Não,Não,Não,Não,Não,Não,Não,Não,Não,Não,Não,Não,Não,Não,Não,Não,Não,Não,72,72,55,0.000,0.000,0.000,0.000,0.000,0.000,0.000,1.200,25.000,23.471,18.316,0.001,39.148,3.749,1.001,0.056,30.0,10.0,39.0,25.5,0,0.0,0.0,0.0,0.0,98.9,98.3,98.2,99.1,99.1,98.6,98.9,99.1,99.2,99.2,99.2,99.1,99.1,0.0,0.0,0.0,0.0,0.0,0.0,0.0,0.0,0.0,0.0,0.0,0.0,0.0,0.0,0.0,0.0,0.0,0.0,0.0,0.0,0.0,0.0,0.0,0.0,0.0,1330.1,13.33,19,19,19,43,62,734,1,2,Sim,Não,Não,Não,Não,Não,Não,Sim,Não,Não,Não,Não,Não,Não,Não,Não,Não,Não,Não,Não,Não,Não,Não,Não,Não,Não,Não,Sim,Não,Não,Não,Não,Não,Não,Não,Sim,Não,Não,55.0,28,Não,Não,35,35,87.0,100.0,Não,Não,18433,29287,0.0,0.0,0.0,0.000,0.000,13538,50368,0.0,0.4,0.4,0.000,0.006,41549,36962,56,0.225,24.508,300.0,1330.0,0.7,0.4,0.0,0.2,0.9,0.0,0.0,0.0,0.0,5.2,415,7618,416,Não,Não,Não,Não,Não,Não,Não,Não,12.556,28.001,92.2,9.656,24.9,6.8,128.2,0.7,0.6,0.6,0.6,6.8,132.4,0.7,0.6,0.6,0.6,146.77,1515.52,7.80,7.78,1714.04,1714.04,0.60,0.71,146.77,0.00,270.70,52,4,0.1,0.0,0,
20.9.2026,12:12:54.396,5566,11526,32.5,5574,10494,34.6,3.9,1024,40,0.683,0.677,0.677,0.693,0.690,0.692,0.690,0.676,0.678,0.677,0.677,0.668,957.7,1097.3,1097.3,997.6,997.6,997.6,798.0,897.8,897.8,897.8,897.8,99.8,498.8,1371.6,1519.0,1514.0,1521.4,1522.7,1291.8,1292.8,1296.3,1295.2,1314.4,1305.0,1295.4,1290.7,1406.7,100.0,100.0,100.0,100.0,100.0,100.0,100.0,100.0,100.0,100.0,100.0,100.0,100.0,100.0,100.0,100.0,139.8,120.4,120.4,120.4,120.4,148.2,148.2,148.2,148.2,150.7,150.7,150.7,150.7,139.8,9.6,11.0,11.0,10.0,10.0,10.0,8.0,9.0,9.0,9.0,9.0,5.0,56,56,57,57,57,57,57,56,56,56,56,44,44,43,43,43,43,43,44,44,44,44,57,57,Não,Não,Não,Não,Não,Não,Não,Não,Não,Não,Não,Não,Não,Não,Não,Não,Não,Não,Não,Não,Não,Não,Sim,Sim,Sim,Sim,Sim,Sim,Sim,Sim,Sim,Sim,Sim,Não,Não,Sim,57,57,53,0.000,0.000,0.000,0.000,0.000,0.000,0.000,1.200,6.563,24.360,19.213,0.002,39.092,3.745,0.998,0.102,30.0,10.0,39.0,25.5,0,0.0,0.0,0.0,0.0,98.6,97.9,97.9,98.7,99.0,97.9,98.2,98.6,98.8,98.9,99.0,99.0,99.0,0.0,0.0,0.0,0.0,0.0,0.0,0.0,0.0,0.0,0.0,0.0,0.0,0.0,0.0,0.0,0.0,0.0,0.0,0.0,0.0,0.0,0.0,0.0,0.0,0.0,1330.1,13.33,19,19,19,43,62,734,1,2,Sim,Não,Não,Não,Não,Não,Não,Sim,Sim,Não,Não,Não,Não,Não,Não,Não,Não,Não,Não,Não,Não,Não,Não,Não,Não,Não,Não,Sim,Não,Não,Não,Não,Não,Não,Não,Sim,Sim,Não,55.0,28,Não,Não,35,35,87.0,100.0,Não,Não,18433,29287,0.0,0.0,0.0,0.000,0.000,13538,50368,0.0,0.2,0.2,0.000,0.002,41549,36962,53,0.225,13.247,300.0,1330.0,2.4,1.6,0.0,0.6,3.1,0.0,0.0,0.0,0.0,5.2,416,7617,417,Não,Não,Não,Não,Não,Não,Não,Não,12.556,28.013,92.2,9.706,24.9,15.9,129.6,2.4,2.3,2.3,2.3,15.9,125.7,2.4,2.3,2.3,2.3,62.92,413.36,7.71,7.70,428.93,428.93,0.60,0.42,62.92,0.00,96.16,52,4,0.2,0.1,0,
20.9.2026,12:12:56.444,5567,11525,32.5,5576,10492,34.7,3.9,1024,40,0.682,0.677,0.677,0.692,0.671,0.673,0.693,0.689,0.689,0.676,0.679,0.668,937.7,1097.3,1097.3,997.6,798.0,798.0,798.0,997.6,997.6,897.8,897.8,99.8,498.8,985.6,1126.5,1128.1,1136.4,1138.5,891.9,895.8,899.1,901.7,926.3,927.0,927.7,927.9,1014.8,100.0,100.0,100.0,100.0,100.0,100.0,100.0,100.0,100.0,100.0,100.0,100.0,100.0,100.0,100.0,100.0,98.7,89.4,89.4,89.5,89.5,102.0,102.0,102.0,102.0,104.5,104.5,104.5,104.5,98.7,9.4,11.0,11.0,10.0,8.0,8.0,8.0,10.0,10.0,9.0,9.0,5.0,56,56,57,56,56,56,56,54,56,55,56,44,44,43,44,44,44,44,46,44,45,44,56,57,Não,Não,Não,Não,Não,Não,Não,Não,Não,Não,Não,Não,Não,Não,Não,Não,Não,Não,Não,Não,Não,Não,Sim,Sim,Sim,Sim,Sim,Sim,Sim,Sim,Sim,Sim,Sim,Não,Não,Sim,57,57,53,0.000,0.000,0.000,0.000,0.000,0.000,0.000,1.200,6.875,13.175,8.202,0.009,24.833,3.623,0.892,0.057,30.0,10.0,39.0,25.5,0,0.0,0.0,0.0,0.0,98.4,97.8,98.0,98.7,98.9,97.3,97.8,98.1,98.4,98.8,98.8,98.9,98.9,0.0,0.0,0.0,0.0,0.0,0.0,0.0,0.0,0.0,0.0,0.0,0.0,0.0,0.0,0.0,0.0,0.0,0.0,0.0,0.0,0.0,0.0,0.0,0.0,0.0,1330.1,13.33,19,19,19,43,62,734,1,2,Sim,Não,Não,Não,Não,Não,Não,Não,Sim,Não,Não,Não,Não,Não,Não,Não,Não,Não,Não,Não,Não,Não,Não,Não,Não,Não,Não,Sim,Não,Não,Não,Não,Não,Não,Não,Não,Sim,Não,56.0,28,Não,Não,35,35,87.0,100.0,Não,Não,18433,29287,0.0,0.0,0.0,0.000,0.000,13538,50368,0.0,0.2,0.2,0.000,0.004,41549,36962,53,0.227,9.302,300.0,1330.0,2.9,1.9,0.0,0.7,3.6,0.0,0.0,0.0,0.0,5.2,417,7617,417,Não,Não,Não,Não,Não,Não,Não,Não,12.558,28.013,92.2,9.707,24.9,47.8,122.0,26.9,26.0,25.9,25.9,47.6,125.7,26.3,24.2,24.0,24.0,20.93,37.23,8.20,8.09,38.67,38.67,1.07,0.98,20.93,0.00,7.43,52,4,0.4,0.0,0,
20.9.2026,12:12:58.359,5567,11525,32.5,5579,10489,34.7,3.9,1024,40,0.680,0.681,0.693,0.674,0.672,0.698,0.677,0.678,0.677,0.676,0.676,0.668,927.7,1097.3,1197.1,798.0,798.0,997.6,798.0,897.8,897.8,897.8,897.8,99.8,498.8,998.7,1133.1,1137.9,1146.9,1149.8,906.8,908.9,912.7,918.2,939.5,943.4,943.7,942.9,1026.8,100.0,100.0,100.0,100.0,100.0,100.0,100.0,100.0,100.0,100.0,100.0,100.0,100.0,100.0,100.0,100.0,100.2,90.3,90.3,90.3,90.3,104.0,104.0,104.0,104.0,106.4,106.4,106.4,106.4,100.2,9.3,11.0,12.0,8.0,8.0,10.0,8.0,9.0,9.0,9.0,9.0,5.0,56,57,56,56,56,56,56,56,55,55,55,44,43,44,44,44,44,44,44,45,45,45,57,57,Não,Não,Não,Não,Não,Não,Não,Não,Não,Não,Não,Não,Não,Não,Não,Não,Não,Não,Não,Não,Não,Não,Sim,Sim,Sim,Sim,Sim,Sim,Sim,Sim,Sim,Sim,Sim,Não,Não,Sim,57,57,53,0.000,0.000,0.000,0.000,0.000,0.000,0.000,1.200,7.188,9.823,4.994,0.020,20.671,3.548,0.855,0.058,30.0,10.0,39.0,25.5,0,0.0,0.0,0.0,0.0,98.2,97.5,97.9,98.7,98.9,97.1,97.3,97.8,98.3,98.4,98.8,98.9,98.8,0.0,0.0,0.0,0.0,0.0,0.0,0.0,0.0,0.0,0.0,0.0,0.0,0.0,0.0,0.0,0.0,0.0,0.0,0.0,0.0,0.0,0.0,0.0,0.0,0.0,1330.1,13.33,19,19,19,43,62,734,1,2,Sim,Não,Não,Não,Não,Não,Não,Não,Sim,Não,Não,Não,Não,Não,Não,Não,Não,Não,Não,Não,Não,Não,Não,Não,Não,Não,Não,Sim,Não,Não,Não,Não,Não,Não,Não,Não,Sim,Não,55.0,28,Não,Não,35,35,87.0,100.0,Não,Não,18433,29287,0.0,0.0,0.0,0.000,0.000,13538,50368,0.0,0.4,0.4,0.000,0.029,41549,36962,53,0.225,9.761,300.0,1330.0,4.8,3.4,0.0,1.2,5.8,0.0,0.0,0.0,0.0,5.2,416,7618,416,Não,Não,Não,Não,Não,Não,Não,Não,12.556,28.013,92.2,9.693,24.9,46.8,174.1,9.2,8.7,8.7,8.7,46.5,120.4,9.1,8.6,8.6,8.6,21.38,108.45,5.74,5.02,115.55,115.55,0.94,1.69,21.38,0.00,11.21,52,4,0.1,0.0,0,
20.9.2026,12:13:0.424,5416,11675,31.6,5547,10521,34.5,3.9,1024,40,0.987,0.986,0.987,0.977,0.982,0.992,0.992,0.997,0.987,0.987,0.987,0.863,2813.1,3291.9,3291.9,2693.4,2693.4,2693.4,2693.4,2693.4,2693.4,2693.4,2693.4,99.8,2693.4,689.2,914.4,739.7,908.2,713.2,568.8,548.0,735.4,642.5,659.6,629.7,591.8,619.2,721.3,67.4,73.7,64.7,72.4,62.5,63.8,60.5,77.5,68.9,69.2,66.5,62.9,65.9,77.5,67.4,100.0,69.5,73.8,59.4,72.0,56.3,67.0,63.9,84.0,73.1,75.0,71.5,67.4,70.5,69.5,28.2,33.0,33.0,27.0,27.0,27.0,27.0,27.0,27.0,27.0,27.0,27.0,54,55,57,53,53,53,53,55,55,55,55,46,45,43,47,47,47,47,45,45,45,45,55,57,Não,Não,Não,Não,Não,Não,Não,Não,Não,Não,Não,Não,Não,Não,Não,Não,Não,Não,Não,Não,Não,Não,Sim,Sim,Sim,Sim,Sim,Sim,Sim,Sim,Sim,Sim,Sim,Não,Não,Sim,56,56,52,0.000,0.000,0.000,0.000,0.000,0.000,0.000,1.200,13.438,9.823,4.994,0.020,20.671,3.548,0.855,0.058,30.0,10.0,39.0,25.5,0,0.1,0.1,0.0,0.0,65.6,71.2,62.8,71.1,61.2,60.6,58.6,75.7,67.5,67.9,65.2,61.5,64.3,0.7,0.0,4.6,0.0,0.0,2.7,0.0,0.0,0.0,0.0,0.0,26.9,4.6,2.5,36.0,38.8,19.4,31.1,30.6,33.7,37.5,34.8,18.4,18.0,18.8,1330.1,13.33,19,19,19,43,62,734,1,2,Sim,Não,Não,Não,Não,Não,Não,Não,Sim,Não,Não,Não,Não,Não,Não,Não,Não,Não,Não,Não,Não,Não,Não,Não,Não,Não,Não,Sim,Não,Não,Não,Não,Não,Não,Não,Não,Sim,Não,55.0,28,Não,Não,35,35,87.0,100.0,Não,Não,18433,29287,0.0,0.0,0.0,0.000,0.000,13538,50368,0.0,2.3,2.3,0.000,3.370,41549,36967,52,0.232,8.211,300.0,1330.0,3.0,2.1,0.0,0.7,3.6,0.0,0.0,0.0,0.0,5.2,416,7618,416,Não,Não,Não,Não,Não,Não,Não,Não,12.556,28.013,92.2,9.681,24.9,25.6,70.7,4.4,3.8,3.8,3.8,25.2,61.1,4.4,3.8,3.8,3.8,39.12,226.35,14.14,13.70,266.48,266.48,1.47,0.26,39.12,0.00,31.14,52,4,0.1,0.0,0,
20.9.2026,12:13:2.430,5570,11521,32.5,5576,10491,34.7,3.9,1024,40,0.708,0.707,0.707,0.707,0.707,0.708,0.706,0.708,0.709,0.711,0.709,0.668,1137.2,1296.8,1296.8,1097.3,1097.3,1097.3,1097.3,1097.3,1097.3,1097.3,1097.3,99.8,698.3,974.5,1370.2,939.4,1218.1,905.8,852.1,839.9,1139.0,928.4,914.0,888.1,847.7,851.6,1024.1,47.7,57.0,42.3,54.7,40.5,43.8,42.8,67.4,48.7,47.5,45.2,41.3,41.5,67.4,47.7,100.0,97.2,108.6,75.4,96.3,70.8,96.2,94.5,129.0,104.4,102.6,99.4,94.5,94.9,97.2,11.4,13.0,13.0,11.0,11.0,11.0,11.0,11.0,11.0,11.0,11.0,7.0,57,58,59,57,57,57,57,56,57,56,56,43,42,41,43,43,43,43,44,43,44,44,59,59,Não,Não,Não,Não,Não,Não,Não,Não,Não,Não,Não,Não,Não,Não,Não,Não,Não,Não,Não,Não,Não,Não,Sim,Sim,Sim,Sim,Sim,Sim,Sim,Sim,Sim,Sim,Sim,Não,Não,Sim,59,59,53,0.000,0.000,0.000,0.000,0.000,0.000,0.000,1.200,9.063,8.133,3.837,0.016,18.105,3.282,0.595,0.058,30.0,10.0,39.0,25.5,0,0.1,0.1,0.0,0.0,47.8,56.2,41.5,54.6,40.6,42.8,41.6,67.2,49.0,48.3,46.1,42.7,43.3,0.5,0.1,0.1,0.0,0.0,4.5,0.1,0.0,0.0,0.0,0.0,40.7,1.5,0.0,56.3,57.6,26.2,50.0,50.1,52.9,56.5,56.0,38.8,36.5,41.1,1330.1,13.33,19,19,19,43,62,734,1,2,Sim,Não,Não,Não,Não,Não,Não,Sim,Sim,Não,Sim,Não,Não,Não,Não,Não,Não,Não,Não,Não,Não,Não,Não,Não,Não,Não,Não,Sim,Não,Não,Não,Não,Não,Não,Não,Sim,Sim,Não,56.0,28,Não,Não,35,35,87.0,100.0,Não,Não,18433,29287,0.0,0.0,0.0,0.000,0.000,13538,50368,0.0,2.7,2.7,0.000,4.409,41549,36976,54,0.227,11.269,300.0,1330.0,2.6,1.4,0.0,0.6,3.0,0.0,0.0,0.0,0.0,5.1,413,7620,414,Não,Não,Não,Não,Não,Não,Não,Não,12.556,28.024,92.3,9.668,24.9,16.4,126.5,3.9,3.8,3.8,3.8,16.4,120.3,4.0,3.9,3.9,3.9,61.03,254.17,7.91,7.90,265.14,265.14,0.54,0.59,61.03,0.00,63.13,52,4,0.2,0.1,0,
20.9.2026,12:13:4.417,5568,11524,32.5,5573,10494,34.6,3.9,1024,40,0.683,0.677,0.678,0.677,0.677,0.676,0.677,0.688,0.694,0.694,0.694,0.863,937.7,1097.3,1097.3,798.0,798.0,798.0,798.0,997.6,997.6,997.6,997.6,99.8,498.8,1031.3,1163.4,1162.9,1171.5,1172.9,949.3,952.3,956.9,958.5,972.8,972.8,972.2,970.2,1061.0,100.0,100.0,100.0,100.0,100.0,100.0,100.0,100.0,100.0,100.0,100.0,100.0,100.0,100.0,100.0,100.0,103.6,92.2,92.2,92.2,92.2,108.7,108.7,108.7,108.7,110.0,110.0,110.0,110.0,103.7,9.4,11.0,11.0,8.0,8.0,8.0,8.0,10.0,10.0,10.0,10.0,5.0,56,57,56,56,56,54,57,56,55,55,56,44,43,44,44,44,46,43,44,45,45,44,57,57,Não,Não,Não,Não,Não,Não,Não,Não,Não,Não,Não,Não,Não,Não,Não,Não,Não,Não,Não,Não,Não,Não,Sim,Sim,Sim,Sim,Sim,Sim,Sim,Sim,Sim,Sim,Sim,Não,Não,Sim,57,57,53,0.000,0.000,0.000,0.000,0.000,0.000,0.000,1.200,6.875,11.305,7.307,0.007,22.128,3.060,0.525,0.057,30.0,10.0,39.0,25.5,0,0.0,0.0,0.0,0.0,98.4,98.0,98.0,98.8,99.0,97.4,97.8,98.4,98.6,98.8,98.8,98.9,98.7,0.0,0.0,0.0,0.0,0.0,0.0,0.0,0.0,0.0,0.0,0.0,0.0,0.0,0.0,0.0,0.0,0.0,0.0,0.0,0.0,0.0,0.0,0.0,0.0,0.0,1330.1,13.33,19,19,19,43,62,734,1,2,Sim,Não,Não,Não,Não,Não,Não,Não,Sim,Não,Não,Não,Não,Não,Não,Não,Não,Não,Não,Não,Não,Não,Não,Não,Não,Não,Não,Sim,Não,Não,Não,Não,Não,Não,Não,Não,Sim,Não,56.0,28,Não,Não,35,35,87.0,100.0,Não,Não,18433,29287,0.0,0.0,0.0,0.000,0.000,13538,50368,0.0,2.0,2.0,0.000,1.907,41549,36980,53,0.225,9.618,300.0,1330.0,0.9,0.7,0.0,0.2,1.0,0.0,0.0,0.0,0.0,5.1,413,7620,414,Não,Não,Não,Não,Não,Não,Não,Não,12.556,28.035,92.3,9.643,24.9,1.7,2.6,1.3,1.3,1.3,1.3,1.7,2.6,1.3,1.3,1.3,1.3,583.22,777.78,388.66,385.09,781.75,781.75,1.02,10.51,583.22,0.00,305.69,52,4,0.1,0.0,0,
20.9.2026,12:13:6.417,5563,11529,32.5,5569,10499,34.6,3.9,1024,40,0.691,0.672,0.692,0.689,0.689,0.693,0.694,0.696,0.694,0.693,0.694,0.668,1027.5,1097.3,1197.1,997.6,997.6,997.6,997.6,997.6,997.6,997.6,997.6,99.8,498.8,1018.2,1152.4,1150.6,1158.5,1160.6,934.5,939.8,942.8,943.3,959.5,959.0,958.9,958.9,1047.8,100.0,100.0,100.0,100.0,100.0,100.0,100.0,100.0,100.0,100.0,100.0,100.0,100.0,100.0,100.0,100.0,101.7,91.1,91.1,91.1,91.1,106.1,106.1,106.1,106.1,107.9,107.9,107.9,107.9,101.7,10.3,11.0,12.0,10.0,10.0,10.0,10.0,10.0,10.0,10.0,10.0,5.0,55,56,56,56,56,54,54,55,55,55,54,45,44,44,44,44,46,46,45,45,45,46,56,56,Não,Não,Não,Não,Não,Não,Não,Não,Não,Não,Não,Não,Não,Não,Não,Não,Não,Não,Não,Não,Não,Não,Sim,Sim,Sim,Sim,Sim,Sim,Sim,Sim,Sim,Sim,Sim,Não,Não,Sim,57,57,52,0.000,0.000,0.000,0.000,0.000,0.000,0.000,1.200,6.563,9.601,4.735,0.005,20.968,3.605,0.854,0.058,30.0,10.0,39.0,25.5,0,0.0,0.0,0.0,0.0,98.6,98.2,98.1,98.7,98.9,97.9,98.4,98.7,98.7,99.0,98.9,98.9,98.9,0.0,0.0,0.0,0.0,0.0,0.0,0.0,0.0,0.0,0.0,0.0,0.0,0.0,0.0,0.0,0.0,0.0,0.0,0.0,0.0,0.0,0.0,0.0,0.0,0.0,1330.1,13.33,19,19,19,43,62,734,2,1,Sim,Não,Não,Não,Não,Não,Não,Não,Sim,Não,Não,Não,Não,Não,Não,Não,Não,Não,Não,Não,Não,Não,Não,Não,Não,Não,Não,Sim,Não,Não,Não,Não,Não,Não,Não,Não,Sim,Não,56.0,28,Não,Não,35,35,87.0,100.0,Não,Não,18433,29287,0.0,0.0,0.0,0.000,0.000,13538,50368,0.0,0.9,0.9,0.000,0.210,41549,36981,52,0.227,9.749,300.0,1330.0,0.3,0.2,0.0,0.1,0.4,0.0,0.0,0.0,0.0,5.1,413,7620,414,Não,Não,Não,Não,Não,Não,Não,Não,12.556,28.035,92.3,9.630,24.9,0.6,0.6,0.6,0.6,0.6,0.6,0.6,0.6,0.6,0.6,0.6,0.6,1553.61,1553.61,1553.61,1553.61,1553.61,1553.61,1.20,10.55,1553.61,0.00,1458.26,52,4,0.2,0.1,0,
20.9.2026,12:13:8.416,5564,11528,32.5,5569,10499,34.6,3.9,1024,40,0.684,0.677,0.672,0.674,0.672,0.672,0.694,0.696,0.694,0.694,0.694,0.668,957.4,1097.0,1097.0,797.8,797.8,797.8,997.3,997.3,997.3,997.3,997.3,99.7,498.7,1003.0,1145.6,1143.7,1150.1,1151.3,916.2,920.4,921.6,922.2,941.2,941.2,941.0,941.1,1033.9,100.0,100.0,100.0,100.0,100.0,100.0,100.0,100.0,100.0,100.0,100.0,100.0,100.0,100.0,100.0,100.0,100.1,90.4,90.4,90.4,90.4,104.1,104.1,104.1,104.1,105.9,105.9,105.9,105.9,100.1,9.6,11.0,11.0,8.0,8.0,8.0,10.0,10.0,10.0,10.0,10.0,5.0,56,56,56,56,55,56,56,55,56,55,56,44,44,44,44,45,44,44,45,44,45,44,56,56,Não,Não,Não,Não,Não,Não,Não,Não,Não,Não,Não,Não,Não,Não,Não,Não,Não,Não,Não,Não,Não,Não,Sim,Sim,Sim,Sim,Sim,Sim,Sim,Sim,Sim,Sim,Sim,Não,Não,Sim,56,56,53,0.000,0.000,0.000,0.000,0.000,0.000,0.000,1.200,6.875,9.780,4.937,0.001,20.834,3.601,0.833,0.057,30.0,10.0,39.0,25.5,0,0.0,0.0,0.0,0.0,98.7,98.4,98.2,98.8,98.9,98.1,98.6,98.7,98.7,99.0,99.0,98.9,98.9,0.0,0.0,0.0,0.0,0.0,0.0,0.0,0.0,0.0,0.0,0.0,0.0,0.0,0.0,0.0,0.0,0.0,0.0,0.0,0.0,0.0,0.0,0.0,0.0,0.0,1329.7,13.33,19,19,19,43,62,734,1,2,Sim,Não,Não,Não,Não,Não,Não,Não,Sim,Não,Não,Não,Não,Não,Não,Não,Não,Não,Não,Não,Não,Não,Não,Não,Não,Não,Não,Sim,Não,Não,Não,Não,Não,Não,Não,Não,Sim,Não,56.0,28,Não,Não,35,35,87.0,100.0,Não,Não,18433,29287,0.0,0.0,0.0,0.000,0.000,13538,50368,0.6,0.2,0.9,0.065,0.004,41549,36981,52,0.227,10.099,300.0,1330.0,0.2,0.1,0.0,0.0,0.2,0.0,0.0,0.0,0.0,5.1,413,7620,414,Não,Não,Não,Não,Não,Não,Não,Não,12.556,28.046,92.3,9.630,24.9,0.5,0.5,0.5,0.5,0.5,0.5,0.5,0.5,0.5,0.5,0.5,0.5,1881.38,1881.38,1881.38,1881.38,1881.38,1881.38,1.40,16.99,1881.38,0.00,1764.60,52,4,0.1,0.0,0,
20.9.2026,12:13:10.414,5563,11529,32.5,5566,10502,34.6,3.9,1024,40,0.691,0.691,0.694,0.689,0.671,0.695,0.693,0.694,0.694,0.696,0.696,0.668,1017.5,1197.1,1197.1,997.6,798.0,997.6,997.6,997.6,997.6,997.6,997.6,99.8,598.5,1028.1,1160.3,1159.0,1167.0,1167.6,949.7,953.6,956.2,956.1,968.7,967.2,966.1,966.2,1058.7,100.0,100.0,100.0,100.0,100.0,100.0,100.0,100.0,100.0,100.0,100.0,100.0,100.0,100.0,100.0,100.0,102.8,91.7,91.7,91.7,91.7,107.8,107.8,107.8,107.8,109.0,109.0,109.0,109.0,102.8,10.2,12.0,12.0,10.0,8.0,10.0,10.0,10.0,10.0,10.0,10.0,6.0,56,54,56,57,56,57,56,55,56,55,56,44,46,44,43,44,43,44,45,44,45,44,57,57,Não,Não,Não,Não,Não,Não,Não,Não,Não,Não,Não,Não,Não,Não,Não,Não,Não,Não,Não,Não,Não,Não,Sim,Sim,Sim,Sim,Sim,Sim,Sim,Sim,Sim,Sim,Sim,Não,Não,Sim,57,57,53,0.000,0.000,0.000,0.000,0.000,0.000,0.000,1.200,6.563,10.111,5.231,0.001,20.857,3.631,0.804,0.097,30.0,10.0,39.0,25.5,0,0.0,0.0,0.0,0.0,98.7,98.3,98.2,98.8,98.9,98.1,98.5,98.7,98.7,99.0,98.9,98.9,98.9,0.0,0.0,0.0,0.0,0.0,0.0,0.0,0.0,0.0,0.0,0.0,0.0,0.0,0.0,0.0,0.0,0.0,0.0,0.0,0.0,0.0,0.0,0.0,0.0,0.0,1330.1,13.33,19,19,19,43,62,734,2,1,Sim,Não,Não,Não,Não,Não,Não,Não,Sim,Não,Não,Não,Não,Não,Não,Não,Não,Não,Não,Não,Não,Não,Não,Não,Não,Não,Não,Sim,Não,Não,Não,Não,Não,Não,Não,Não,Sim,Não,56.0,28,Não,Não,35,35,87.0,100.0,Não,Não,18433,29287,0.0,0.0,0.0,0.000,0.000,13538,50368,0.6,0.1,0.7,0.093,0.003,41549,36981,52,0.227,10.232,300.0,1329.0,0.2,0.1,0.0,0.0,0.2,0.0,0.0,0.0,0.0,5.1,413,7620,414,Não,Não,Não,Não,Não,Não,Não,Não,12.556,28.046,92.3,9.618,24.9,1.1,30.2,0.6,0.6,0.6,0.6,1.1,28.9,0.6,0.6,0.6,0.6,914.79,1796.47,33.11,16.91,1814.47,1814.47,1.25,9.19,914.79,0.00,1738.88,52,4,0.1,0.0,0,
20.9.2026,12:13:12.415,5563,11529,32.5,5568,10500,34.6,3.9,1024,40,0.682,0.673,0.677,0.677,0.676,0.676,0.677,0.693,0.693,0.678,0.697,0.668,927.7,1097.3,1097.3,798.0,798.0,798.0,798.0,997.6,997.6,897.8,997.6,99.8,498.8,1039.6,1169.0,1167.5,1175.0,1175.9,965.6,969.4,971.7,970.7,977.2,977.4,978.4,977.8,1070.6,100.0,100.0,100.0,100.0,100.0,100.0,100.0,100.0,100.0,100.0,100.0,100.0,100.0,100.0,100.0,100.0,104.0,92.4,92.4,92.3,92.3,109.7,109.7,109.7,109.7,110.1,110.1,110.1,110.1,104.0,9.3,11.0,11.0,8.0,8.0,8.0,8.0,10.0,10.0,9.0,10.0,5.0,56,56,57,56,55,54,57,55,55,55,55,44,44,43,44,45,46,43,45,45,45,45,57,57,Não,Não,Não,Não,Não,Não,Não,Não,Não,Não,Não,Não,Não,Não,Não,Não,Não,Não,Não,Não,Não,Não,Sim,Sim,Sim,Sim,Sim,Sim,Sim,Sim,Sim,Sim,Sim,Não,Não,Sim,57,57,51,0.000,0.000,0.000,0.000,0.000,0.000,0.000,1.200,7.813,10.227,5.389,0.001,20.906,3.524,0.829,0.138,30.0,10.0,39.0,25.5,0,0.0,0.0,0.0,0.0,98.7,98.3,98.2,98.8,98.9,98.1,98.5,98.7,98.8,99.0,98.9,98.9,98.9,0.0,0.0,0.0,0.0,0.0,0.0,0.0,0.0,0.0,0.0,0.0,0.0,0.0,0.0,0.0,0.0,0.0,0.0,0.0,0.0,0.0,0.0,0.0,0.0,0.0,1330.1,13.33,19,19,19,43,62,734,1,2,Sim,Não,Não,Não,Não,Não,Não,Não,Sim,Não,Não,Não,Não,Não,Não,Não,Não,Não,Não,Não,Não,Não,Não,Não,Não,Não,Não,Sim,Não,Não,Não,Não,Não,Não,Não,Não,Sim,Não,55.0,28,Não,Não,35,35,87.0,100.0,Não,Não,18433,29287,0.0,0.0,0.0,0.000,0.000,13538,50368,0.0,0.5,0.5,0.000,0.026,41549,36981,53,0.225,9.969,300.0,1330.0,0.3,0.2,0.0,0.1,0.4,0.0,0.0,0.0,0.0,5.1,413,7620,414,Não,Não,Não,Não,Não,Não,Não,Não,12.556,28.046,92.3,9.605,24.9,1.2,30.9,0.6,0.6,0.6,0.6,1.2,30.5,0.6,0.6,0.6,0.6,832.18,1631.98,32.38,17.69,1648.30,1648.30,0.91,2.80,832.18,0.00,1548.47,52,4,0.3,0.0,0,
20.9.2026,12:13:14.413,5563,11529,32.5,5568,10500,34.6,3.9,1024,40,0.683,0.674,0.698,0.677,0.677,0.693,0.676,0.678,0.692,0.676,0.693,0.668,947.7,1097.3,1197.1,798.0,798.0,997.6,798.0,897.8,997.6,897.8,997.6,99.8,498.8,1045.2,1172.0,1170.5,1177.0,1178.2,971.8,975.5,979.2,980.7,984.7,983.9,984.2,984.4,1075.6,100.0,100.0,100.0,100.0,100.0,100.0,100.0,100.0,100.0,100.0,100.0,100.0,100.0,100.0,100.0,100.0,104.5,92.6,92.6,92.5,92.5,110.3,110.3,110.3,110.3,110.6,110.6,110.6,110.6,104.5,9.5,11.0,12.0,8.0,8.0,10.0,8.0,9.0,10.0,9.0,10.0,5.0,56,56,57,56,56,57,56,55,55,56,55,44,44,43,44,44,43,44,45,45,44,45,57,57,Não,Não,Não,Não,Não,Não,Não,Não,Não,Não,Não,Não,Não,Não,Não,Não,Não,Não,Não,Não,Não,Não,Sim,Sim,Sim,Sim,Sim,Sim,Sim,Sim,Sim,Sim,Sim,Não,Não,Sim,57,57,51,0.000,0.000,0.000,0.000,0.000,0.000,0.000,1.200,6.563,10.075,5.287,0.001,20.894,3.462,0.842,0.135,30.0,10.0,39.0,25.5,0,0.0,0.0,0.0,0.0,98.7,98.3,98.2,98.8,98.9,98.0,98.4,98.7,98.8,99.0,98.9,98.9,98.9,0.0,0.0,0.0,0.0,0.0,0.0,0.0,0.0,0.0,0.0,0.0,0.0,0.0,0.0,0.0,0.0,0.0,0.0,0.0,0.0,0.0,0.0,0.0,0.0,0.0,1330.1,13.33,19,19,19,43,62,734,1,2,Sim,Não,Não,Não,Não,Não,Não,Não,Sim,Não,Não,Não,Não,Não,Não,Não,Não,Não,Não,Não,Não,Não,Não,Não,Não,Não,Não,Sim,Não,Não,Não,Não,Não,Não,Não,Não,Sim,Não,55.0,28,Não,Não,35,35,87.0,100.0,Não,Não,18433,29287,0.0,0.0,0.0,0.000,0.000,13538,50368,0.0,0.0,0.0,0.000,0.000,41549,36981,51,0.227,10.052,300.0,1330.0,0.2,0.1,0.0,0.1,0.3,0.0,0.0,0.0,0.0,5.1,412,7622,412,Não,Não,Não,Não,Não,Não,Não,Não,12.556,28.058,92.4,9.593,24.9,1.6,65.4,0.6,0.5,0.5,0.5,1.6,64.2,0.6,0.5,0.5,0.5,620.79,1794.78,15.29,15.28,1831.08,1831.08,1.01,1.88,620.79,0.00,1171.60,52,4,0.2,0.0,0,
20.9.2026,12:13:16.415,5563,11528,32.5,5569,10498,34.6,3.9,1024,40,0.692,0.694,0.689,0.696,0.696,0.694,0.693,0.688,0.688,0.693,0.692,0.668,1037.5,1197.1,1197.1,997.6,997.6,997.6,997.6,997.6,997.6,997.6,997.6,99.8,598.5,1042.7,1163.6,1171.0,1179.0,1180.3,958.1,964.7,977.3,979.7,984.9,984.4,984.8,985.2,1071.7,100.0,100.0,100.0,100.0,100.0,100.0,100.0,100.0,100.0,100.0,100.0,100.0,100.0,100.0,100.0,100.0,104.6,92.6,92.6,92.6,92.6,110.5,110.5,110.5,110.5,110.7,110.7,110.7,110.7,104.6,10.4,12.0,12.0,10.0,10.0,10.0,10.0,10.0,10.0,10.0,10.0,6.0,56,56,57,56,56,54,56,54,55,56,56,44,44,43,44,44,46,44,46,45,44,44,57,57,Não,Não,Não,Não,Não,Não,Não,Não,Não,Não,Não,Não,Não,Não,Não,Não,Não,Não,Não,Não,Não,Não,Sim,Sim,Sim,Sim,Sim,Sim,Sim,Sim,Sim,Sim,Sim,Não,Não,Sim,57,57,53,0.000,0.000,0.000,0.000,0.000,0.000,0.000,1.200,7.813,9.811,5.043,0.001,20.842,3.453,0.837,0.131,30.0,10.0,39.0,25.5,0,0.0,0.0,0.0,0.0,98.4,97.6,98.2,98.8,99.0,96.5,97.2,98.5,98.7,99.0,99.0,99.0,99.0,0.0,0.0,0.0,0.0,0.0,0.0,0.0,0.0,0.0,0.0,0.0,0.0,0.0,0.0,0.0,0.0,0.0,0.0,0.0,0.0,0.0,0.0,0.0,0.0,0.0,1330.1,13.33,19,19,19,43,62,734,1,2,Sim,Não,Não,Não,Não,Não,Não,Não,Sim,Não,Não,Não,Não,Não,Não,Não,Não,Não,Não,Não,Não,Não,Não,Não,Não,Não,Não,Sim,Não,Não,Não,Não,Não,Não,Não,Não,Sim,Não,55.0,28,Não,Não,35,35,87.0,100.0,Não,Não,18433,29287,0.0,0.0,0.0,0.000,0.000,13538,50368,0.0,0.4,0.4,0.000,0.055,41549,36981,53,0.227,9.861,300.0,1330.0,0.3,0.2,0.0,0.1,0.4,0.0,0.0,0.0,0.0,5.1,412,7622,412,Não,Não,Não,Não,Não,Não,Não,Não,12.558,28.058,92.4,9.582,24.9,1.4,34.1,0.7,0.7,0.7,0.7,1.4,32.1,0.7,0.7,0.7,0.7,731.71,1434.07,29.35,16.45,1448.40,1448.40,1.15,3.41,731.71,0.00,1240.44,52,4,0.2,0.1,0,
20.9.2026,12:13:18.418,5563,11529,32.5,5571,10497,34.6,3.9,1024,40,0.692,0.688,0.693,0.696,0.697,0.688,0.693,0.694,0.689,0.696,0.688,0.668,1037.7,1197.4,1197.4,997.8,997.8,997.8,997.8,997.8,997.8,997.8,997.8,99.8,598.7,1046.5,1167.8,1175.0,1182.0,1182.8,964.9,969.3,981.0,985.3,987.8,987.5,987.3,987.4,1076.0,100.0,100.0,100.0,100.0,100.0,100.0,100.0,100.0,100.0,100.0,100.0,100.0,100.0,100.0,100.0,100.0,105.0,92.8,92.8,92.9,92.9,111.1,111.1,111.1,111.1,111.1,111.1,111.1,111.1,105.0,10.4,12.0,12.0,10.0,10.0,10.0,10.0,10.0,10.0,10.0,10.0,6.0,56,56,56,57,56,57,57,56,56,56,55,44,44,44,43,44,43,43,44,44,44,45,57,57,Não,Não,Não,Não,Não,Não,Não,Não,Não,Não,Não,Não,Não,Não,Não,Não,Não,Não,Não,Não,Não,Não,Sim,Sim,Sim,Sim,Sim,Sim,Sim,Sim,Sim,Sim,Sim,Não,Não,Sim,57,57,52,0.000,0.000,0.000,0.000,0.000,0.000,0.000,1.200,7.813,10.062,5.293,0.001,20.846,3.451,0.837,0.133,30.0,10.0,39.0,25.5,0,0.0,0.0,0.0,0.0,98.4,97.7,98.3,98.9,98.9,96.7,97.2,98.3,98.8,99.0,99.0,99.0,99.0,0.0,0.0,0.0,0.0,0.0,0.0,0.0,0.0,0.0,0.0,0.0,0.0,0.0,0.0,0.0,0.0,0.0,0.0,0.0,0.0,0.0,0.0,0.0,0.0,0.0,1330.4,13.33,19,19,19,43,62,734,1,2,Sim,Não,Não,Não,Não,Não,Não,Não,Sim,Não,Não,Não,Não,Não,Não,Não,Não,Não,Não,Não,Não,Não,Não,Não,Não,Não,Não,Sim,Não,Não,Não,Não,Não,Não,Não,Não,Sim,Não,55.0,28,Não,Não,35,35,87.0,100.0,Não,Não,18433,29287,0.0,0.0,0.0,0.000,0.000,13538,50368,0.0,0.0,0.0,0.000,0.000,41549,36981,53,0.227,10.036,300.0,1330.0,0.2,0.1,0.0,0.1,0.3,0.0,0.0,0.0,0.0,5.1,412,7622,412,Não,Não,Não,Não,Não,Não,Não,Não,12.556,28.069,92.4,9.580,24.9,1.6,66.7,0.6,0.5,0.5,0.5,1.6,61.1,0.6,0.5,0.5,0.5,626.70,1811.62,15.00,14.97,1848.25,1848.25,0.96,1.87,626.70,0.00,1181.86,52,4,0.2,0.1,0,
20.9.2026,12:13:20.417,5562,11530,32.5,5572,10495,34.6,3.9,1024,40,0.693,0.695,0.694,0.694,0.694,0.693,0.695,0.689,0.690,0.693,0.688,0.668,1037.5,1197.1,1197.1,997.6,997.6,997.6,997.6,997.6,997.6,997.6,997.6,99.8,598.5,1049.1,1172.5,1175.3,1183.4,1184.7,968.7,974.1,985.7,987.2,989.1,989.5,988.9,989.6,1079.0,100.0,100.0,100.0,100.0,100.0,100.0,100.0,100.0,100.0,100.0,100.0,100.0,100.0,100.0,100.0,100.0,105.2,93.0,93.0,93.0,93.0,111.3,111.3,111.3,111.3,111.4,111.4,111.4,111.4,105.2,10.4,12.0,12.0,10.0,10.0,10.0,10.0,10.0,10.0,10.0,10.0,6.0,56,56,56,56,56,56,56,55,55,55,55,44,44,44,44,44,44,44,45,45,45,45,57,56,Não,Não,Não,Não,Não,Não,Não,Não,Não,Não,Não,Não,Não,Não,Não,Não,Não,Não,Não,Não,Não,Não,Sim,Sim,Sim,Sim,Sim,Sim,Sim,Sim,Sim,Sim,Sim,Não,Não,Sim,57,57,52,0.000,0.000,0.000,0.000,0.000,0.000,0.000,1.200,7.813,9.956,5.183,0.001,21.022,3.459,0.841,0.126,30.0,10.0,39.0,25.5,0,0.0,0.0,0.0,0.0,98.4,97.9,98.1,98.8,98.9,96.9,97.4,98.6,98.8,98.9,99.0,98.9,99.0,0.0,0.0,0.0,0.0,0.0,0.0,0.0,0.0,0.0,0.0,0.0,0.0,0.0,0.0,0.0,0.0,0.0,0.0,0.0,0.0,0.0,0.0,0.0,0.0,0.0,1330.1,13.33,19,19,19,43,62,734,1,2,Sim,Não,Não,Não,Não,Não,Não,Não,Sim,Não,Não,Não,Não,Não,Não,Não,Não,Não,Não,Não,Não,Não,Não,Não,Não,Não,Não,Sim,Não,Não,Não,Não,Não,Não,Não,Não,Sim,Não,55.0,28,Não,Não,35,35,87.0,100.0,Não,Não,18433,29287,0.0,0.0,0.0,0.000,0.000,13538,50368,0.0,3.3,3.3,0.000,0.599,41549,36982,53,0.227,9.922,300.0,1330.0,0.3,0.2,0.0,0.1,0.3,0.0,0.0,0.0,0.0,5.1,412,7622,412,Não,Não,Não,Não,Não,Não,Não,Não,12.556,28.069,92.4,9.555,24.9,1.2,30.6,0.6,0.6,0.6,0.6,1.2,31.8,0.6,0.6,0.6,0.6,832.46,1632.21,32.71,18.03,1648.53,1648.53,0.97,10.06,832.46,0.00,1550.13,52,4,0.1,0.0,0,
20.9.2026,12:13:22.408,5562,11530,32.5,5573,10495,34.6,3.9,1024,40,0.691,0.696,0.686,0.695,0.695,0.688,0.688,0.688,0.693,0.693,0.689,0.668,1037.5,1197.1,1197.1,997.6,997.6,997.6,997.6,997.6,997.6,997.6,997.6,99.8,598.5,1049.1,1168.7,1176.5,1184.6,1186.2,965.4,969.9,985.5,988.1,991.1,991.0,991.5,991.1,1078.1,100.0,100.0,100.0,100.0,100.0,100.0,100.0,100.0,100.0,100.0,100.0,100.0,100.0,100.0,100.0,100.0,105.5,93.1,93.1,93.2,93.2,111.6,111.6,111.6,111.6,111.6,111.6,111.6,111.6,105.4,10.4,12.0,12.0,10.0,10.0,10.0,10.0,10.0,10.0,10.0,10.0,6.0,56,56,56,56,56,57,57,55,55,55,55,44,44,44,44,44,43,43,45,45,45,45,57,57,Não,Não,Não,Não,Não,Não,Não,Não,Não,Não,Não,Não,Não,Não,Não,Não,Não,Não,Não,Não,Não,Não,Sim,Sim,Sim,Sim,Sim,Sim,Sim,Sim,Sim,Sim,Sim,Não,Não,Sim,57,57,52,0.000,0.000,0.000,0.000,0.000,0.000,0.000,1.200,7.188,10.122,5.339,0.001,20.945,3.460,0.842,0.134,30.0,10.0,39.0,25.5,0,0.0,0.0,0.0,0.0,98.2,97.5,98.1,98.7,98.9,96.4,96.8,98.4,98.6,98.9,98.9,98.9,98.9,0.0,0.0,0.0,0.0,0.0,0.0,0.0,0.0,0.0,0.0,0.0,0.0,0.0,0.0,0.0,0.0,0.0,0.0,0.0,0.0,0.0,0.0,0.0,0.0,0.0,1330.1,13.33,19,19,19,43,62,734,1,2,Sim,Não,Não,Não,Não,Não,Não,Não,Sim,Não,Não,Não,Não,Não,Não,Não,Não,Não,Não,Não,Não,Não,Não,Não,Não,Não,Não,Sim,Não,Não,Não,Não,Não,Não,Não,Não,Sim,Não,55.0,28,Não,Não,35,35,87.0,100.0,Não,Não,18433,29287,0.0,0.0,0.0,0.000,0.000,13538,50368,0.0,0.2,0.2,0.000,0.041,41549,36982,52,0.227,10.194,300.0,1330.0,0.2,0.1,0.0,0.1,0.3,0.0,0.0,0.0,0.0,5.1,412,7622,412,Não,Não,Não,Não,Não,Não,Não,Não,12.556,28.069,92.4,9.543,24.9,1.4,33.9,0.7,0.7,0.7,0.7,1.4,31.9,0.7,0.7,0.7,0.7,706.84,1384.20,29.47,17.03,1398.03,1398.03,0.96,9.72,706.84,0.00,1164.57,52,4,0.1,0.0,0,
20.9.2026,12:13:24.410,5563,11529,32.5,5574,10494,34.6,3.9,1024,40,0.692,0.693,0.693,0.693,0.694,0.693,0.694,0.687,0.688,0.689,0.694,0.863,1037.5,1197.1,1197.1,997.6,997.6,997.6,997.6,997.6,997.6,997.6,997.6,99.8,598.5,1048.4,1170.3,1175.8,1183.3,1184.1,969.1,974.1,982.6,985.9,988.9,988.8,989.0,989.0,1078.1,100.0,100.0,100.0,100.0,100.0,100.0,100.0,100.0,100.0,100.0,100.0,100.0,100.0,100.0,100.0,100.0,105.2,93.0,93.0,93.0,92.9,111.3,111.3,111.3,111.3,111.3,111.3,111.3,111.3,105.2,10.4,12.0,12.0,10.0,10.0,10.0,10.0,10.0,10.0,10.0,10.0,6.0,56,56,57,57,57,56,57,56,56,55,55,44,44,43,43,43,44,43,44,44,45,45,57,57,Não,Não,Não,Não,Não,Não,Não,Não,Não,Não,Não,Não,Não,Não,Não,Não,Não,Não,Não,Não,Não,Não,Sim,Sim,Sim,Sim,Sim,Sim,Sim,Sim,Sim,Sim,Sim,Não,Não,Sim,57,57,52,0.000,0.000,0.000,0.000,0.000,0.000,0.000,1.200,7.500,10.097,5.300,0.001,20.922,3.480,0.839,0.133,30.0,10.0,39.0,25.5,0,0.0,0.0,0.0,0.0,98.4,97.8,98.2,98.9,98.9,97.0,97.5,98.3,98.7,99.0,99.0,99.0,99.0,0.0,0.0,0.0,0.0,0.0,0.0,0.0,0.0,0.0,0.0,0.0,0.0,0.0,0.0,0.0,0.0,0.0,0.0,0.0,0.0,0.0,0.0,0.0,0.0,0.0,1330.1,13.33,19,19,19,43,62,734,1,2,Sim,Não,Não,Não,Não,Não,Não,Não,Sim,Não,Não,Não,Não,Não,Não,Não,Não,Não,Não,Não,Não,Não,Não,Não,Não,Não,Não,Sim,Não,Não,Não,Não,Não,Não,Não,Não,Sim,Não,55.0,28,Não,Não,35,35,87.0,100.0,Não,Não,18433,29287,0.0,0.0,0.0,0.000,0.000,13538,50368,0.0,0.4,0.4,0.000,0.006,41549,36982,52,0.227,10.086,300.0,1330.0,0.2,0.1,0.0,0.1,0.3,0.0,0.0,0.0,0.0,5.1,412,7622,412,Não,Não,Não,Não,Não,Não,Não,Não,12.556,28.080,92.4,9.543,24.9,1.1,30.0,0.6,0.5,0.5,0.5,1.1,28.7,0.6,0.5,0.5,0.5,923.31,1813.28,33.34,17.00,1831.44,1831.44,1.16,5.15,923.31,0.00,1755.67,52,4,0.2,0.1,0,
20.9.2026,12:13:26.416,5564,11527,32.5,5575,10493,34.6,3.9,1024,40,0.694,0.693,0.693,0.696,0.697,0.693,0.694,0.694,0.695,0.693,0.692,0.668,1037.5,1197.1,1197.1,997.6,997.6,997.6,997.6,997.6,997.6,997.6,997.6,99.8,598.5,1048.4,1170.7,1176.2,1183.5,1184.2,968.7,972.2,982.4,986.4,989.2,988.9,988.9,989.1,1078.0,100.0,100.0,100.0,100.0,100.0,100.0,100.0,100.0,100.0,100.0,100.0,100.0,100.0,100.0,100.0,100.0,105.2,93.0,93.0,93.0,93.0,111.3,111.3,111.3,111.3,111.3,111.3,111.3,111.3,105.2,10.4,12.0,12.0,10.0,10.0,10.0,10.0,10.0,10.0,10.0,10.0,6.0,55,57,57,54,54,56,56,54,55,55,55,45,43,43,46,46,44,44,46,45,45,45,57,57,Não,Não,Não,Não,Não,Não,Não,Não,Não,Não,Não,Não,Não,Não,Não,Não,Não,Não,Não,Não,Não,Não,Sim,Sim,Sim,Sim,Sim,Sim,Sim,Sim,Sim,Sim,Sim,Não,Não,Sim,57,57,52,0.000,0.000,0.000,0.000,0.000,0.000,0.000,1.200,7.188,10.279,5.477,0.001,20.915,3.480,0.839,0.134,30.0,10.0,39.0,25.5,0,0.0,0.0,0.0,0.0,98.4,97.8,98.3,98.9,98.9,96.9,97.3,98.3,98.7,99.0,98.9,98.9,99.0,0.0,0.0,0.0,0.0,0.0,0.0,0.0,0.0,0.0,0.0,0.0,0.0,0.0,0.0,0.0,0.0,0.0,0.0,0.0,0.0,0.0,0.0,0.0,0.0,0.0,1330.1,13.33,19,19,19,43,62,734,1,2,Sim,Não,Não,Não,Não,Não,Não,Não,Sim,Não,Não,Não,Não,Não,Não,Não,Não,Não,Não,Não,Não,Não,Não,Não,Não,Não,Não,Sim,Não,Não,Não,Não,Não,Não,Não,Não,Sim,Não,55.0,28,Não,Não,35,35,87.0,100.0,Não,Não,18433,29287,0.0,0.0,0.0,0.000,0.000,13538,50368,0.0,0.2,0.2,0.000,0.005,41549,36982,51,0.227,10.268,300.0,1330.0,0.3,0.1,0.0,0.1,0.3,0.0,0.0,0.0,0.0,5.1,412,7622,412,Não,Não,Não,Não,Não,Não,Não,Não,12.556,28.080,92.4,9.530,24.9,1.2,31.0,0.6,0.6,0.6,0.6,1.2,30.2,0.6,0.6,0.6,0.6,841.13,1649.98,32.28,17.42,1666.48,1666.48,0.96,3.76,841.13,0.00,1566.38,52,4,0.3,0.0,0,
20.9.2026,12:13:28.419,5566,11526,32.5,5575,10493,34.6,3.9,1024,40,0.694,0.688,0.696,0.696,0.695,0.692,0.693,0.693,0.695,0.695,0.694,0.671,1037.5,1197.1,1197.1,997.6,997.6,997.6,997.6,997.6,997.6,997.6,997.6,99.8,598.5,1050.2,1173.0,1178.2,1185.6,1186.4,970.1,974.4,984.3,988.2,990.7,990.1,990.9,990.1,1080.0,100.0,100.0,100.0,100.0,100.0,100.0,100.0,100.0,100.0,100.0,100.0,100.0,100.0,100.0,100.0,100.0,105.4,93.1,93.1,93.1,93.1,111.5,111.5,111.5,111.5,111.5,111.5,111.5,111.5,105.3,10.4,12.0,12.0,10.0,10.0,10.0,10.0,10.0,10.0,10.0,10.0,6.0,55,57,56,56,56,56,57,54,54,55,53,45,43,44,44,44,44,43,46,46,45,47,57,57,Não,Não,Não,Não,Não,Não,Não,Não,Não,Não,Não,Não,Não,Não,Não,Não,Não,Não,Não,Não,Não,Não,Sim,Sim,Sim,Sim,Sim,Sim,Sim,Sim,Sim,Sim,Sim,Não,Não,Sim,57,57,51,0.000,0.000,0.000,0.000,0.000,0.000,0.000,1.200,7.813,9.891,5.101,0.001,20.932,3.463,0.842,0.136,30.0,10.0,39.0,25.5,0,0.0,0.0,0.0,0.0,98.4,97.9,98.3,98.9,98.9,96.9,97.3,98.3,98.7,98.9,98.9,99.0,98.9,0.0,0.0,0.0,0.0,0.0,0.0,0.0,0.0,0.0,0.0,0.0,0.0,0.0,0.0,0.0,0.0,0.0,0.0,0.0,0.0,0.0,0.0,0.0,0.0,0.0,1330.1,13.33,19,19,19,43,62,734,1,2,Sim,Não,Não,Não,Não,Não,Não,Não,Sim,Não,Não,Não,Não,Não,Não,Não,Não,Não,Não,Não,Não,Não,Não,Não,Não,Não,Não,Sim,Não,Não,Não,Não,Não,Não,Não,Não,Sim,Não,55.0,28,Não,Não,35,35,87.0,100.0,Não,Não,18433,29287,0.0,0.0,0.0,0.000,0.000,13538,50368,0.0,0.2,0.2,0.000,0.002,41549,36982,51,0.227,9.861,300.0,1330.0,0.2,0.1,0.0,0.0,0.2,0.0,0.0,0.0,0.0,5.1,412,7622,412,Não,Não,Não,Não,Não,Não,Não,Não,12.556,28.091,92.5,9.517,24.9,1.1,29.9,0.5,0.5,0.5,0.5,1.1,27.9,0.5,0.5,0.5,0.5,939.83,1846.27,33.39,16.75,1864.76,1864.76,1.16,8.85,939.83,0.00,1788.92,52,4,0.1,0.2,0,
20.9.2026,12:13:30.418,5567,11525,32.5,5573,10495,34.6,3.9,1024,40,0.694,0.694,0.693,0.695,0.695,0.692,0.693,0.696,0.695,0.697,0.693,0.668,1037.5,1197.1,1197.1,997.6,997.6,997.6,997.6,997.6,997.6,997.6,997.6,99.8,598.5,1049.0,1171.6,1177.6,1185.4,1186.4,966.1,970.8,984.4,987.9,990.2,989.0,989.1,989.3,1078.8,100.0,100.0,100.0,100.0,100.0,100.0,100.0,100.0,100.0,100.0,100.0,100.0,100.0,100.0,100.0,100.0,105.3,93.1,93.1,93.1,93.1,111.4,111.4,111.4,111.4,111.4,111.4,111.4,111.4,105.4,10.4,12.0,12.0,10.0,10.0,10.0,10.0,10.0,10.0,10.0,10.0,6.0,55,56,56,56,56,56,56,55,55,53,54,45,44,44,44,44,44,44,45,45,47,46,56,56,Não,Não,Não,Não,Não,Não,Não,Não,Não,Não,Não,Não,Não,Não,Não,Não,Não,Não,Não,Não,Não,Não,Sim,Sim,Sim,Sim,Sim,Sim,Sim,Sim,Sim,Sim,Sim,Não,Não,Sim,56,56,52,0.000,0.000,0.000,0.000,0.000,0.000,0.000,1.200,7.813,10.085,5.282,0.001,20.973,3.481,0.840,0.135,30.0,10.0,39.0,25.5,0,0.0,0.0,0.0,0.0,98.3,97.8,98.3,98.9,99.0,96.5,97.0,98.4,98.7,99.0,98.8,98.8,98.9,0.0,0.0,0.0,0.0,0.0,0.0,0.0,0.0,0.0,0.0,0.0,0.0,0.0,0.0,0.0,0.0,0.0,0.0,0.0,0.0,0.0,0.0,0.0,0.0,0.0,1330.1,13.33,19,19,19,43,62,734,1,2,Sim,Não,Não,Não,Não,Não,Não,Não,Sim,Não,Não,Não,Não,Não,Não,Não,Não,Não,Não,Não,Não,Não,Não,Não,Não,Não,Não,Sim,Não,Não,Não,Não,Não,Não,Não,Não,Sim,Não,54.0,28,Não,Não,35,35,87.0,100.0,Não,Não,18433,29287,0.0,0.0,0.0,0.000,0.000,13538,50368,0.0,0.5,0.5,0.000,0.086,41549,36982,53,0.227,10.120,300.0,1330.0,0.2,0.1,0.0,0.1,0.3,0.0,0.0,0.0,0.0,5.1,412,7622,412,Não,Não,Não,Não,Não,Não,Não,Não,12.557,28.091,92.5,9.506,24.9,1.7,55.8,0.6,0.6,0.6,0.6,1.7,52.7,0.6,0.6,0.6,0.6,594.01,1602.55,17.93,15.79,1632.52,1632.52,0.98,4.49,594.01,0.00,1044.17,52,4,0.2,0.5,0,
20.9.2026,12:13:32.419,5567,11525,32.5,5572,10496,34.6,3.9,1024,40,0.695,0.696,0.696,0.696,0.698,0.696,0.692,0.693,0.694,0.693,0.694,0.668,1037.5,1197.1,1197.1,997.6,997.6,997.6,997.6,997.6,997.6,997.6,997.6,99.8,598.5,1047.1,1169.0,1174.7,1182.5,1183.4,967.2,972.2,982.1,984.4,987.4,987.0,987.6,987.4,1076.9,100.0,100.0,100.0,100.0,100.0,100.0,100.0,100.0,100.0,100.0,100.0,100.0,100.0,100.0,100.0,100.0,105.0,92.9,92.9,92.9,92.9,111.1,111.1,111.1,111.1,111.1,111.1,111.1,111.1,104.9,10.4,12.0,12.0,10.0,10.0,10.0,10.0,10.0,10.0,10.0,10.0,6.0,54,57,55,54,54,54,54,53,53,53,53,46,43,45,46,46,46,46,47,47,47,47,57,57,Não,Não,Não,Não,Não,Não,Não,Não,Não,Não,Não,Não,Não,Não,Não,Não,Não,Não,Não,Não,Não,Não,Sim,Sim,Sim,Sim,Sim,Sim,Sim,Sim,Sim,Sim,Sim,Não,Não,Sim,56,56,52,0.000,0.000,0.000,0.000,0.000,0.000,0.000,1.200,6.875,9.946,5.180,0.001,20.888,3.483,0.840,0.134,30.0,10.0,39.0,25.5,0,0.0,0.0,0.0,0.0,98.4,97.8,98.2,98.9,98.9,96.9,97.4,98.4,98.6,98.9,98.9,99.0,98.9,0.0,0.0,0.0,0.0,0.0,0.0,0.0,0.0,0.0,0.0,0.0,0.0,0.0,0.0,0.0,0.0,0.0,0.0,0.0,0.0,0.0,0.0,0.0,0.0,0.0,1330.1,13.33,19,19,19,43,62,734,1,2,Sim,Não,Não,Não,Não,Não,Não,Não,Sim,Não,Não,Não,Não,Não,Não,Não,Não,Não,Não,Não,Não,Não,Não,Não,Não,Não,Não,Sim,Não,Não,Não,Não,Não,Não,Não,Não,Sim,Não,55.0,28,Não,Não,35,35,87.0,100.0,Não,Não,18433,29287,0.0,0.0,0.0,0.000,0.000,13538,50368,0.0,0.2,0.2,0.000,0.022,41549,36982,51,0.232,9.948,300.0,1330.0,0.2,0.1,0.0,0.1,0.3,0.0,0.0,0.0,0.0,5.1,412,7622,412,Não,Não,Não,Não,Não,Não,Não,Não,12.557,28.091,92.5,9.506,24.9,1.1,29.0,0.6,0.5,0.5,0.5,1.1,29.1,0.6,0.5,0.5,0.5,924.65,1814.80,34.51,18.16,1832.97,1832.97,0.99,6.46,924.65,0.00,1816.60,52,4,0.2,0.1,0,
20.9.2026,12:13:34.406,5560,11532,32.5,5566,10502,34.6,3.9,1024,40,0.695,0.697,0.698,0.696,0.692,0.693,0.697,0.696,0.695,0.695,0.694,0.863,1037.7,1197.4,1197.4,997.8,997.8,997.8,997.8,997.8,997.8,997.8,997.8,99.8,598.7,1050.5,1172.8,1178.8,1185.9,1187.1,969.2,973.3,984.8,988.2,991.5,991.5,991.6,991.1,1080.0,100.0,100.0,100.0,100.0,100.0,100.0,100.0,100.0,100.0,100.0,100.0,100.0,100.0,100.0,100.0,100.0,105.4,93.2,93.2,93.2,93.2,111.6,111.5,111.6,111.6,111.6,111.6,111.6,111.5,105.4,10.4,12.0,12.0,10.0,10.0,10.0,10.0,10.0,10.0,10.0,10.0,6.0,55,56,56,54,54,56,54,54,54,55,53,45,44,44,46,46,44,46,46,46,45,47,56,56,Não,Não,Não,Não,Não,Não,Não,Não,Não,Não,Não,Não,Não,Não,Não,Não,Não,Não,Não,Não,Não,Não,Sim,Sim,Sim,Sim,Sim,Sim,Sim,Sim,Sim,Sim,Sim,Não,Não,Sim,57,57,52,0.000,0.000,0.000,0.000,0.000,0.000,0.000,1.200,8.125,10.466,5.626,0.001,20.921,3.483,0.843,0.131,30.0,10.0,39.0,25.5,0,0.0,0.0,0.0,0.0,98.4,97.7,98.2,98.8,99.0,96.7,97.1,98.3,98.6,98.9,98.9,99.0,98.9,0.0,0.0,0.0,0.0,0.0,0.0,0.0,0.0,0.0,0.0,0.0,0.0,0.0,0.0,0.0,0.0,0.0,0.0,0.0,0.0,0.0,0.0,0.0,0.0,0.0,1330.4,13.33,19,19,19,43,62,734,1,2,Sim,Não,Não,Não,Não,Não,Não,Não,Sim,Não,Não,Não,Não,Não,Não,Não,Não,Não,Não,Não,Não,Não,Não,Não,Não,Não,Não,Sim,Não,Não,Não,Não,Não,Não,Não,Não,Sim,Não,55.0,28,Não,Não,35,35,87.0,100.0,Não,Não,18433,29287,0.0,0.0,0.0,0.000,0.000,13538,50368,0.0,0.3,0.3,0.000,0.014,41549,36982,52,0.227,10.497,300.0,1330.0,0.2,0.1,0.0,0.0,0.2,0.0,0.0,0.0,0.0,5.1,412,7622,412,Não,Não,Não,Não,Não,Não,Não,Não,12.556,28.103,92.5,9.492,24.9,1.1,29.2,0.5,0.5,0.5,0.5,1.1,28.6,0.5,0.5,0.5,0.5,931.87,1829.44,34.30,17.82,1847.75,1847.75,1.18,6.84,931.87,0.00,1772.65,52,4,0.2,0.1,0,
20.9.2026,12:13:36.430,5557,11534,32.5,5563,10504,34.6,3.9,1024,40,0.695,0.696,0.695,0.697,0.695,0.693,0.694,0.694,0.692,0.694,0.698,0.668,1037.5,1197.1,1197.1,997.6,997.6,997.6,997.6,997.6,997.6,997.6,997.6,99.8,598.5,1048.5,1170.6,1176.4,1183.7,1185.4,968.7,972.8,983.5,986.9,988.9,988.0,988.6,988.8,1078.5,100.0,100.0,100.0,100.0,100.0,100.0,100.0,100.0,100.0,100.0,100.0,100.0,100.0,100.0,100.0,100.0,105.2,93.0,93.0,93.0,93.0,111.3,111.4,111.3,111.3,111.3,111.3,111.3,111.4,105.4,10.4,12.0,12.0,10.0,10.0,10.0,10.0,10.0,10.0,10.0,10.0,6.0,56,56,55,56,57,57,56,55,55,55,55,44,44,45,44,43,43,44,45,45,45,45,56,57,Não,Não,Não,Não,Não,Não,Não,Não,Não,Não,Não,Não,Não,Não,Não,Não,Não,Não,Não,Não,Não,Não,Sim,Sim,Sim,Sim,Sim,Sim,Sim,Sim,Sim,Sim,Sim,Não,Não,Sim,57,57,53,0.000,0.000,0.000,0.000,0.000,0.000,0.000,1.200,7.500,10.174,5.353,0.001,20.924,3.501,0.838,0.132,30.0,10.0,39.0,25.5,0,0.0,0.0,0.0,0.0,98.4,97.8,98.3,98.9,99.0,96.9,97.3,98.4,98.7,98.9,98.9,98.9,98.9,0.0,0.0,0.0,0.0,0.0,0.0,0.0,0.0,0.0,0.0,0.0,0.0,0.0,0.0,0.0,0.0,0.0,0.0,0.0,0.0,0.0,0.0,0.0,0.0,0.0,1330.1,13.33,19,19,19,43,62,734,1,2,Sim,Não,Não,Não,Não,Não,Não,Não,Sim,Não,Não,Não,Não,Não,Não,Não,Não,Não,Não,Não,Não,Não,Não,Não,Não,Não,Não,Sim,Não,Não,Não,Não,Não,Não,Não,Não,Sim,Não,55.0,28,Não,Não,35,35,87.0,100.0,Não,Não,18433,29287,0.0,0.0,0.0,0.000,0.000,13538,50368,0.0,0.2,0.2,0.000,0.004,41549,36982,52,0.227,10.136,300.0,1330.0,0.3,0.1,0.0,0.1,0.3,0.0,0.0,0.0,0.0,5.1,412,7622,412,Não,Não,Não,Não,Não,Não,Não,Não,12.559,28.103,92.5,9.469,24.9,1.6,37.7,0.8,0.8,0.8,0.8,1.6,36.6,0.8,0.8,0.8,0.8,610.29,1251.82,26.51,16.92,1266.17,1266.17,0.96,2.53,610.29,0.00,787.65,52,4,0.1,0.0,0,
20.9.2026,12:13:38.431,5557,11534,32.5,5565,10503,34.6,3.9,1024,40,0.694,0.696,0.694,0.695,0.694,0.687,0.694,0.695,0.693,0.694,0.694,0.668,1037.7,1197.4,1197.4,997.8,997.8,997.8,997.8,997.8,997.8,997.8,997.8,99.8,598.7,1040.3,1162.2,1170.3,1178.2,1180.1,955.3,961.9,975.1,978.5,980.6,980.7,980.4,980.5,1070.2,100.0,100.0,100.0,100.0,100.0,100.0,100.0,100.0,100.0,100.0,100.0,100.0,100.0,100.0,100.0,100.0,104.4,92.6,92.6,92.6,92.6,110.4,110.4,110.4,110.4,110.4,110.4,110.4,110.4,104.3,10.4,12.0,12.0,10.0,10.0,10.0,10.0,10.0,10.0,10.0,10.0,6.0,54,57,55,54,54,56,54,53,53,55,54,46,43,45,46,46,44,46,47,47,45,46,57,57,Não,Não,Não,Não,Não,Não,Não,Não,Não,Não,Não,Não,Não,Não,Não,Não,Não,Não,Não,Não,Não,Não,Sim,Sim,Sim,Sim,Sim,Sim,Sim,Sim,Sim,Sim,Sim,Não,Não,Sim,56,56,52,0.000,0.000,0.000,0.000,0.000,0.000,0.000,1.200,6.875,9.999,5.172,0.001,20.960,3.520,0.832,0.134,30.0,10.0,39.0,25.5,0,0.0,0.0,0.0,0.0,98.3,97.5,98.2,98.8,99.0,96.4,97.1,98.4,98.7,98.9,99.0,98.9,98.9,0.0,0.0,0.0,0.0,0.0,0.0,0.0,0.0,0.0,0.0,0.0,0.0,0.0,0.0,0.0,0.0,0.0,0.0,0.0,0.0,0.0,0.0,0.0,0.0,0.0,1330.4,13.33,19,19,19,43,62,734,1,2,Sim,Não,Não,Não,Não,Não,Não,Não,Sim,Não,Não,Não,Não,Não,Não,Não,Não,Não,Não,Não,Não,Não,Não,Não,Não,Não,Não,Sim,Não,Não,Não,Não,Não,Não,Não,Não,Sim,Não,55.0,28,Não,Não,35,35,87.0,100.0,Não,Não,18433,29287,0.0,0.0,0.0,0.000,0.000,13538,50368,0.0,0.9,0.9,0.000,0.075,41549,36982,53,0.227,9.999,300.0,1330.0,0.2,0.1,0.0,0.1,0.3,0.0,0.0,0.0,0.0,5.1,412,7622,412,Não,Não,Não,Não,Não,Não,Não,Não,12.558,28.114,92.6,9.456,24.9,1.1,29.1,0.5,0.5,0.5,0.5,1.1,28.5,0.5,0.5,0.5,0.5,940.32,1846.28,34.36,17.72,1864.77,1864.77,1.19,9.07,940.32,0.00,1781.00,52,4,0.2,0.0,0,
20.9.2026,12:13:40.435,5557,11535,32.5,5565,10503,34.6,3.9,1024,40,0.693,0.694,0.695,0.693,0.697,0.693,0.693,0.696,0.697,0.693,0.682,0.668,1027.5,1197.1,1197.1,997.6,997.6,997.6,997.6,997.6,997.6,997.6,897.8,99.8,598.5,1046.7,1168.6,1175.1,1182.2,1183.6,967.0,970.8,981.4,984.4,987.0,986.5,986.5,986.9,1076.6,100.0,100.0,100.0,100.0,100.0,100.0,100.0,100.0,100.0,100.0,100.0,100.0,100.0,100.0,100.0,100.0,105.0,92.8,92.8,92.9,92.9,111.1,111.1,110.9,111.1,110.8,111.1,111.0,111.1,104.8,10.3,12.0,12.0,10.0,10.0,10.0,10.0,10.0,10.0,10.0,9.0,6.0,55,58,57,56,56,54,54,54,55,55,55,45,42,43,44,44,46,46,46,45,45,45,58,58,Não,Não,Não,Não,Não,Não,Não,Não,Não,Não,Não,Não,Não,Não,Não,Não,Não,Não,Não,Não,Não,Não,Sim,Sim,Sim,Sim,Sim,Sim,Sim,Sim,Sim,Sim,Sim,Não,Não,Sim,57,57,52,0.000,0.000,0.000,0.000,0.000,0.000,0.000,1.200,7.500,10.138,5.319,0.001,20.948,3.499,0.836,0.131,30.0,10.0,39.0,25.5,0,0.0,0.0,0.0,0.0,98.4,97.8,98.3,98.8,99.0,96.9,97.3,98.4,98.7,99.0,98.9,98.9,99.0,0.0,0.0,0.0,0.0,0.0,0.0,0.0,0.0,0.0,0.0,0.0,0.0,0.0,0.0,0.0,0.0,0.0,0.0,0.0,0.0,0.0,0.0,0.0,0.0,0.0,1330.1,13.33,19,19,19,43,62,734,1,2,Sim,Não,Não,Não,Não,Não,Não,Não,Sim,Não,Não,Não,Não,Não,Não,Não,Não,Não,Não,Não,Não,Não,Não,Não,Não,Não,Não,Sim,Não,Não,Não,Não,Não,Não,Não,Não,Sim,Não,55.0,28,Não,Não,35,35,87.0,100.0,Não,Não,18433,29287,0.0,0.0,0.0,0.000,0.000,13538,50368,0.0,0.2,0.2,0.000,0.002,41549,36982,53,0.227,10.130,300.0,1330.0,0.2,0.1,0.0,0.0,0.2,0.0,0.0,0.0,0.0,5.1,412,7622,412,Não,Não,Não,Não,Não,Não,Não,Não,12.557,28.114,92.6,9.455,24.9,1.1,29.2,0.5,0.5,0.5,0.5,1.1,28.5,0.5,0.5,0.5,0.5,940.33,1846.35,34.30,17.66,1864.84,1864.84,1.18,8.88,940.33,0.00,1797.90,52,4,0.1,0.1,0,
20.9.2026,12:13:42.433,5555,11536,32.5,5565,10503,34.6,3.9,1024,40,0.693,0.693,0.693,0.694,0.694,0.693,0.694,0.694,0.693,0.693,0.693,0.668,1037.5,1197.1,1197.1,997.6,997.6,997.6,997.6,997.6,997.6,997.6,997.6,99.8,598.5,1045.8,1167.7,1174.3,1181.0,1182.3,965.6,970.4,979.4,984.0,986.1,986.3,986.3,986.6,1075.6,100.0,100.0,100.0,100.0,100.0,100.0,100.0,100.0,100.0,100.0,100.0,100.0,100.0,100.0,100.0,100.0,105.0,92.8,92.8,92.8,92.8,110.8,111.0,111.1,111.0,111.3,111.0,111.1,111.0,105.1,10.4,12.0,12.0,10.0,10.0,10.0,10.0,10.0,10.0,10.0,10.0,6.0,55,57,56,54,54,54,54,54,55,55,55,45,43,44,46,46,46,46,46,45,45,45,57,57,Não,Não,Não,Não,Não,Não,Não,Não,Não,Não,Não,Não,Não,Não,Não,Não,Não,Não,Não,Não,Não,Não,Sim,Sim,Sim,Sim,Sim,Sim,Sim,Sim,Sim,Sim,Sim,Não,Não,Sim,57,57,53,0.000,0.000,0.000,0.000,0.000,0.000,0.000,1.200,7.188,9.732,4.951,0.001,21.126,3.499,0.839,0.132,30.0,10.0,39.0,25.5,0,0.0,0.0,0.0,0.0,98.4,97.7,98.3,98.8,98.9,96.9,97.4,98.3,98.8,98.9,99.0,99.0,99.0,0.0,0.0,0.0,0.0,0.0,0.0,0.0,0.0,0.0,0.0,0.0,0.0,0.0,0.0,0.0,0.0,0.0,0.0,0.0,0.0,0.0,0.0,0.0,0.0,0.0,1330.1,13.33,19,19,19,43,62,734,1,2,Sim,Não,Não,Não,Não,Não,Não,Não,Sim,Não,Não,Não,Não,Não,Não,Não,Não,Não,Não,Não,Não,Não,Não,Não,Não,Não,Não,Sim,Não,Não,Não,Não,Não,Não,Não,Não,Sim,Não,55.0,28,Não,Não,35,35,87.0,100.0,Não,Não,18433,29287,0.0,0.0,0.0,0.000,0.000,13538,50368,0.0,0.6,0.6,0.000,0.028,41549,36982,52,0.227,9.758,300.0,1330.0,0.2,0.1,0.0,0.0,0.2,0.0,0.0,0.0,0.0,5.1,412,7622,412,Não,Não,Não,Não,Não,Não,Não,Não,12.558,28.125,92.6,9.444,24.9,1.1,29.1,0.5,0.5,0.5,0.5,1.1,28.6,0.5,0.5,0.5,0.5,931.53,1828.70,34.37,17.89,1847.01,1847.01,1.19,6.12,931.53,0.00,1771.70,52,4,0.1,0.0,0,
20.9.2026,12:13:44.441,5555,11537,32.5,5566,10502,34.6,3.9,1024,40,0.695,0.696,0.694,0.696,0.696,0.697,0.694,0.693,0.695,0.692,0.693,0.863,1037.5,1197.1,1197.1,997.6,997.6,997.6,997.6,997.6,997.6,997.6,997.6,99.8,598.5,1049.2,1170.0,1178.0,1184.8,1185.9,968.7,972.3,983.6,987.5,990.1,989.9,990.0,990.0,1078.8,100.0,100.0,100.0,100.0,100.0,100.0,100.0,100.0,100.0,100.0,100.0,100.0,100.0,100.0,100.0,100.0,105.3,93.0,93.0,93.1,93.1,111.5,111.0,111.4,111.4,111.4,111.4,111.4,111.4,105.2,10.4,12.0,12.0,10.0,10.0,10.0,10.0,10.0,10.0,10.0,10.0,6.0,54,56,56,54,54,54,54,54,54,53,55,46,44,44,46,46,46,46,46,46,47,45,56,56,Não,Não,Não,Não,Não,Não,Não,Não,Não,Não,Não,Não,Não,Não,Não,Não,Não,Não,Não,Não,Não,Não,Sim,Sim,Sim,Sim,Sim,Sim,Sim,Sim,Sim,Sim,Sim,Não,Não,Sim,57,57,52,0.000,0.000,0.000,0.000,0.000,0.000,0.000,1.200,7.188,9.957,5.137,0.001,21.070,3.468,0.841,0.131,30.0,10.0,39.0,25.5,0,0.0,0.0,0.0,0.0,98.4,97.7,98.3,98.9,99.0,96.9,97.2,98.4,98.8,99.0,99.0,99.0,99.0,0.0,0.0,0.0,0.0,0.0,0.0,0.0,0.0,0.0,0.0,0.0,0.0,0.0,0.0,0.0,0.0,0.0,0.0,0.0,0.0,0.0,0.0,0.0,0.0,0.0,1330.1,13.33,19,19,19,43,62,734,1,2,Sim,Não,Não,Não,Não,Não,Não,Não,Sim,Não,Não,Não,Não,Não,Não,Não,Não,Não,Não,Não,Não,Não,Não,Não,Não,Não,Não,Sim,Não,Não,Não,Não,Não,Não,Não,Não,Sim,Não,54.0,28,Não,Não,35,35,87.0,100.0,Não,Não,18433,29287,0.0,0.0,0.0,0.000,0.000,13538,50368,0.0,0.0,0.0,0.000,0.000,41549,36982,52,0.227,9.991,300.0,1330.0,0.2,0.1,0.0,0.1,0.3,0.0,0.0,0.0,0.0,5.1,412,7622,412,Não,Não,Não,Não,Não,Não,Não,Não,12.557,28.125,92.6,9.430,24.9,1.3,32.3,0.7,0.7,0.7,0.7,1.3,31.6,0.7,0.7,0.7,0.7,765.94,1500.93,30.94,17.45,1515.93,1515.93,0.95,6.48,765.94,0.00,1340.87,52,4,0.2,0.0,0,
20.9.2026,12:13:46.439,5555,11536,32.5,5568,10500,34.6,3.9,1024,40,0.695,0.697,0.698,0.695,0.695,0.693,0.693,0.694,0.695,0.694,0.693,0.668,1037.5,1197.1,1197.1,997.6,997.6,997.6,997.6,997.6,997.6,997.6,997.6,99.8,598.5,1055.1,1175.7,1183.4,1190.0,1191.4,973.9,979.9,989.8,994.2,995.9,995.7,995.6,995.7,1084.8,100.0,100.0,100.0,100.0,100.0,100.0,100.0,100.0,100.0,100.0,100.0,100.0,100.0,100.0,100.0,100.0,105.9,93.5,93.5,93.5,93.5,112.1,112.4,112.1,112.1,112.1,112.1,112.1,112.1,105.9,10.4,12.0,12.0,10.0,10.0,10.0,10.0,10.0,10.0,10.0,10.0,6.0,55,56,56,54,54,54,56,54,55,53,55,45,44,44,46,46,46,44,46,45,47,45,56,56,Não,Não,Não,Não,Não,Não,Não,Não,Não,Não,Não,Não,Não,Não,Não,Não,Não,Não,Não,Não,Não,Não,Sim,Sim,Sim,Sim,Sim,Sim,Sim,Sim,Sim,Sim,Sim,Não,Não,Sim,56,56,52,0.000,0.000,0.000,0.000,0.000,0.000,0.000,1.200,7.188,10.058,5.290,0.001,21.164,3.442,0.845,0.133,30.0,10.0,39.0,25.5,0,0.0,0.0,0.0,0.0,98.4,97.6,98.3,98.8,99.0,96.8,97.4,98.4,98.8,99.0,98.9,98.9,98.9,0.0,0.0,0.0,0.0,0.0,0.0,0.0,0.0,0.0,0.0,0.0,0.0,0.0,0.0,0.0,0.0,0.0,0.0,0.0,0.0,0.0,0.0,0.0,0.0,0.0,1330.1,13.33,19,19,19,43,62,734,1,2,Sim,Não,Não,Não,Não,Não,Não,Não,Sim,Não,Não,Não,Não,Não,Não,Não,Não,Não,Não,Não,Não,Não,Não,Não,Não,Não,Não,Sim,Não,Não,Não,Não,Não,Não,Não,Não,Sim,Não,55.0,28,Não,Não,35,35,87.0,100.0,Não,Não,18433,29287,0.0,0.0,0.0,0.000,0.000,13538,50368,0.0,0.3,0.3,0.000,0.012,41549,36982,52,0.232,9.990,300.0,1330.0,0.2,0.1,0.0,0.1,0.3,0.0,0.0,0.0,0.0,5.1,412,7622,412,Não,Não,Não,Não,Não,Não,Não,Não,12.556,28.125,92.6,9.417,24.9,1.5,59.0,0.5,0.5,0.5,0.5,1.5,54.0,0.5,0.5,0.5,0.5,671.25,1846.67,16.94,15.11,1881.97,1881.97,1.11,7.33,671.25,0.00,1243.70,52,4,0.2,0.1,0,
20.9.2026,12:13:48.445,5554,11538,32.4,5570,10498,34.6,3.9,1024,40,0.694,0.690,0.695,0.697,0.694,0.694,0.693,0.693,0.695,0.694,0.694,0.668,1037.5,1197.1,1197.1,997.6,997.6,997.6,997.6,997.6,997.6,997.6,997.6,99.8,598.5,1055.4,1175.9,1182.9,1189.9,1190.8,977.6,980.3,992.0,993.8,995.7,995.3,995.3,995.4,1085.4,100.0,100.0,100.0,100.0,100.0,100.0,100.0,100.0,100.0,100.0,100.0,100.0,100.0,100.0,100.0,100.0,105.8,93.5,93.5,93.5,93.5,112.0,111.6,111.9,112.0,112.0,112.0,112.0,112.0,105.9,10.4,12.0,12.0,10.0,10.0,10.0,10.0,10.0,10.0,10.0,10.0,6.0,55,56,56,56,56,56,56,55,53,54,53,45,44,44,44,44,44,44,45,47,46,47,56,56,Não,Não,Não,Não,Não,Não,Não,Não,Não,Não,Não,Não,Não,Não,Não,Não,Não,Não,Não,Não,Não,Não,Sim,Sim,Sim,Sim,Sim,Sim,Sim,Sim,Sim,Sim,Sim,Não,Não,Sim,56,56,50,0.000,0.000,0.000,0.000,0.000,0.000,0.000,1.200,7.813,10.058,5.290,0.001,21.164,3.442,0.845,0.133,30.0,10.0,39.0,25.5,0,0.0,0.0,0.0,0.0,98.5,97.7,98.3,98.8,98.9,97.2,97.5,98.6,98.8,99.0,98.9,99.0,99.0,0.0,0.0,0.0,0.0,0.0,0.0,0.0,0.0,0.0,0.0,0.0,0.0,0.0,0.0,0.0,0.0,0.0,0.0,0.0,0.0,0.0,0.0,0.0,0.0,0.0,1330.1,13.33,19,19,19,43,62,734,1,2,Sim,Não,Não,Não,Não,Não,Não,Não,Sim,Não,Não,Não,Não,Não,Não,Não,Não,Não,Não,Não,Não,Não,Não,Não,Não,Não,Não,Sim,Não,Não,Não,Não,Não,Não,Não,Não,Sim,Não,55.0,28,Não,Não,35,35,87.0,100.0,Não,Não,18433,29287,0.0,0.0,0.0,0.000,0.000,13538,50368,0.0,0.3,0.3,0.000,0.067,41549,36983,52,0.227,10.108,300.0,1330.0,0.2,0.1,0.0,0.1,0.3,0.0,0.0,0.0,0.0,5.1,412,7622,412,Não,Não,Não,Não,Não,Não,Não,Não,12.558,28.136,92.6,9.393,24.9,1.1,29.3,0.6,0.5,0.5,0.5,1.1,28.7,0.6,0.5,0.5,0.5,924.40,1814.70,34.10,17.74,1832.87,1832.87,0.98,3.78,924.40,0.00,1815.82,52,4,0.3,0.0,0,
20.9.2026,12:13:50.446,5556,11536,32.5,5570,10498,34.6,3.9,1024,40,0.695,0.694,0.697,0.695,0.694,0.694,0.696,0.694,0.695,0.694,0.694,0.668,1037.5,1197.1,1197.1,997.6,997.6,997.6,997.6,997.6,997.6,997.6,997.6,99.8,598.5,1059.5,1185.6,1184.5,1190.4,1191.7,989.6,993.6,995.4,995.6,997.4,996.5,997.2,997.0,1090.8,100.0,100.0,100.0,100.0,100.0,100.0,100.0,100.0,100.0,100.0,100.0,100.0,100.0,100.0,100.0,100.0,106.0,93.6,93.6,93.6,93.5,112.2,112.6,112.3,112.2,112.2,112.2,112.2,112.2,106.0,10.4,12.0,12.0,10.0,10.0,10.0,10.0,10.0,10.0,10.0,10.0,6.0,55,56,56,56,54,54,54,53,55,55,55,45,44,44,44,46,46,46,47,45,45,45,56,56,Não,Não,Não,Não,Não,Não,Não,Não,Não,Não,Não,Não,Não,Não,Não,Não,Não,Não,Não,Não,Não,Não,Sim,Sim,Sim,Sim,Sim,Sim,Sim,Sim,Sim,Sim,Sim,Não,Não,Sim,56,56,51,0.000,0.000,0.000,0.000,0.000,0.000,0.000,1.200,8.125,10.092,5.318,0.001,21.188,3.448,0.844,0.136,30.0,10.0,39.0,25.5,0,0.0,0.0,0.0,0.0,98.7,98.4,98.3,98.8,98.9,98.2,98.7,98.8,98.8,99.0,98.9,99.0,99.0,0.0,0.0,0.0,0.0,0.0,0.0,0.0,0.0,0.0,0.0,0.0,0.0,0.0,0.0,0.0,0.0,0.0,0.0,0.0,0.0,0.0,0.0,0.0,0.0,0.0,1330.1,13.33,19,19,19,43,62,734,1,2,Sim,Não,Não,Não,Não,Não,Não,Não,Sim,Não,Não,Não,Não,Não,Não,Não,Não,Não,Não,Não,Não,Não,Não,Não,Não,Não,Não,Sim,Não,Não,Não,Não,Não,Não,Não,Não,Sim,Não,55.0,28,Não,Não,35,35,87.0,100.0,Não,Não,18433,29287,0.0,0.0,0.0,0.000,0.000,13538,50368,0.0,0.5,0.5,0.000,0.054,41549,36983,53,0.227,9.987,300.0,1330.0,0.2,0.1,0.0,0.1,0.3,0.0,0.0,0.0,0.0,5.1,412,7622,412,Não,Não,Não,Não,Não,Não,Não,Não,12.556,28.136,92.6,9.404,24.9,1.1,29.3,0.5,0.5,0.5,0.5,1.1,28.6,0.5,0.5,0.5,0.5,932.74,1831.38,34.11,17.60,1849.72,1849.72,0.96,7.52,932.74,0.00,1833.13,52,4,0.1,0.0,0,
20.9.2026,12:13:52.445,5555,11537,32.5,5569,10499,34.6,3.9,1024,40,0.695,0.696,0.698,0.694,0.696,0.694,0.694,0.695,0.696,0.694,0.695,0.668,1037.5,1197.1,1197.1,997.6,997.6,997.6,997.6,997.6,997.6,997.6,997.6,99.8,598.5,1061.4,1186.7,1185.6,1193.0,1194.4,991.1,993.8,997.0,997.1,999.9,999.4,999.5,999.6,1092.3,100.0,100.0,100.0,100.0,100.0,100.0,100.0,100.0,100.0,100.0,100.0,100.0,100.0,100.0,100.0,100.0,106.2,93.7,93.7,93.8,93.9,112.3,112.4,112.4,112.4,112.5,112.5,112.5,112.5,106.0,10.4,12.0,12.0,10.0,10.0,10.0,10.0,10.0,10.0,10.0,10.0,6.0,55,56,55,56,56,56,56,54,53,53,53,45,44,45,44,44,44,44,46,47,47,47,56,56,Não,Não,Não,Não,Não,Não,Não,Não,Não,Não,Não,Não,Não,Não,Não,Não,Não,Não,Não,Não,Não,Não,Sim,Sim,Sim,Sim,Sim,Sim,Sim,Sim,Sim,Sim,Sim,Não,Não,Sim,57,57,52,0.000,0.000,0.000,0.000,0.000,0.000,0.000,1.200,8.438,10.011,5.249,0.001,21.206,3.437,0.846,0.132,30.0,10.0,39.0,25.5,0,0.0,0.0,0.0,0.0,98.7,98.3,98.3,98.8,98.9,98.2,98.4,98.8,98.8,99.0,98.9,98.9,99.0,0.0,0.0,0.0,0.0,0.0,0.0,0.0,0.0,0.0,0.0,0.0,0.0,0.0,0.0,0.0,0.0,0.0,0.0,0.0,0.0,0.0,0.0,0.0,0.0,0.0,1330.1,13.33,19,19,19,43,62,734,1,2,Sim,Não,Não,Não,Não,Não,Não,Não,Sim,Não,Não,Não,Não,Não,Não,Não,Não,Não,Não,Não,Não,Não,Não,Não,Não,Não,Não,Sim,Não,Não,Não,Não,Não,Não,Não,Não,Sim,Não,55.0,28,Não,Não,35,35,87.0,100.0,Não,Não,18433,29287,0.0,0.0,0.0,0.000,0.000,13538,50368,0.0,0.2,0.2,0.000,0.022,41549,36983,52,0.227,9.680,300.0,1330.0,0.2,0.1,0.0,0.0,0.2,0.0,0.0,0.0,0.0,5.1,412,7622,412,Não,Não,Não,Não,Não,Não,Não,Não,12.558,28.136,92.6,9.381,24.9,1.1,29.0,0.5,0.5,0.5,0.5,1.1,28.6,0.5,0.5,0.5,0.5,931.78,1829.13,34.43,17.94,1847.45,1847.45,1.19,7.90,931.78,0.00,1772.11,52,4,0.2,0.0,0,
20.9.2026,12:13:54.461,5554,11538,32.4,5569,10498,34.6,3.9,1024,40,0.694,0.694,0.693,0.694,0.694,0.695,0.692,0.695,0.694,0.695,0.694,0.863,1037.5,1197.1,1197.1,997.6,997.6,997.6,997.6,997.6,997.6,997.6,997.6,99.8,598.5,1059.9,1185.9,1184.3,1191.6,1193.2,987.8,993.4,995.2,995.3,998.3,997.8,997.8,997.8,1090.8,100.0,100.0,100.0,100.0,100.0,100.0,100.0,100.0,100.0,100.0,100.0,100.0,100.0,100.0,100.0,100.0,106.1,93.6,93.6,93.7,93.7,112.3,112.2,112.2,112.2,112.3,112.3,112.3,112.3,105.9,10.4,12.0,12.0,10.0,10.0,10.0,10.0,10.0,10.0,10.0,10.0,6.0,54,56,55,54,54,56,56,55,53,53,53,46,44,45,46,46,44,44,45,47,47,47,57,56,Não,Não,Não,Não,Não,Não,Não,Não,Não,Não,Não,Não,Não,Não,Não,Não,Não,Não,Não,Não,Não,Não,Sim,Sim,Sim,Sim,Sim,Sim,Sim,Sim,Sim,Sim,Sim,Não,Não,Sim,56,56,53,0.000,0.000,0.000,0.000,0.000,0.000,0.000,1.200,8.125,9.675,4.912,0.001,21.237,3.432,0.847,0.135,30.0,10.0,39.0,25.5,0,0.0,0.0,0.0,0.0,98.7,98.4,98.2,98.8,98.9,98.0,98.6,98.7,98.7,99.0,98.9,98.9,99.0,0.0,0.0,0.0,0.0,0.0,0.0,0.0,0.0,0.0,0.0,0.0,0.0,0.0,0.0,0.0,0.0,0.0,0.0,0.0,0.0,0.0,0.0,0.0,0.0,0.0,1330.1,13.33,19,19,19,43,62,734,1,2,Sim,Não,Não,Não,Não,Não,Não,Não,Sim,Não,Não,Não,Não,Não,Não,Não,Não,Não,Não,Não,Não,Não,Não,Não,Não,Não,Não,Sim,Não,Não,Não,Não,Não,Não,Não,Não,Sim,Não,54.0,28,Não,Não,34,34,87.0,100.0,Não,Não,18433,29287,0.0,0.0,0.0,0.000,0.000,13538,50368,0.0,0.2,0.2,0.000,0.018,41549,36983,52,0.227,9.666,300.0,1330.0,0.2,0.1,0.0,0.1,0.3,0.0,0.0,0.0,0.0,5.1,412,7622,412,Não,Não,Não,Não,Não,Não,Não,Não,12.557,28.148,92.7,9.368,24.9,1.1,29.4,0.5,0.5,0.5,0.5,1.1,28.6,0.5,0.5,0.5,0.5,931.50,1828.93,34.06,17.58,1847.25,1847.25,1.19,7.96,931.50,0.00,1771.95,52,4,0.6,0.0,0,
20.9.2026,12:13:56.459,5554,11538,32.4,5568,10499,34.6,3.9,1024,40,0.695,0.694,0.694,0.695,0.694,0.696,0.694,0.695,0.695,0.694,0.694,0.668,1037.5,1197.1,1197.1,997.6,997.6,997.6,997.6,997.6,997.6,997.6,997.6,99.8,598.5,1060.5,1185.4,1185.2,1191.7,1193.1,990.6,994.9,996.5,996.5,998.2,997.9,997.8,998.0,1091.7,100.0,100.0,100.0,100.0,100.0,100.0,100.0,100.0,100.0,100.0,100.0,100.0,100.0,100.0,100.0,100.0,106.1,93.7,93.7,93.7,93.7,112.3,112.2,112.3,112.3,112.3,112.3,112.3,112.1,106.0,10.4,12.0,12.0,10.0,10.0,10.0,10.0,10.0,10.0,10.0,10.0,6.0,55,56,55,54,56,56,56,55,53,55,55,45,44,45,46,44,44,44,45,47,45,45,56,56,Não,Não,Não,Não,Não,Não,Não,Não,Não,Não,Não,Não,Não,Não,Não,Não,Não,Não,Não,Não,Não,Não,Sim,Sim,Sim,Sim,Sim,Sim,Sim,Sim,Sim,Sim,Sim,Não,Não,Sim,56,56,50,0.000,0.000,0.000,0.000,0.000,0.000,0.000,1.200,8.438,9.676,4.908,0.001,21.180,3.442,0.848,0.131,30.0,10.0,39.0,25.5,0,0.0,0.0,0.0,0.0,98.7,98.3,98.3,98.8,98.9,98.2,98.7,98.8,98.8,99.0,99.0,98.9,99.0,0.0,0.0,0.0,0.0,0.0,0.0,0.0,0.0,0.0,0.0,0.0,0.0,0.0,0.0,0.0,0.0,0.0,0.0,0.0,0.0,0.0,0.0,0.0,0.0,0.0,1330.1,13.33,19,19,19,43,62,734,1,2,Sim,Não,Não,Não,Não,Não,Não,Não,Sim,Não,Não,Não,Não,Não,Não,Não,Não,Não,Não,Não,Não,Não,Não,Não,Não,Não,Não,Sim,Não,Não,Não,Não,Não,Não,Não,Não,Sim,Não,55.0,28,Não,Não,34,34,87.0,100.0,Não,Não,18433,29287,0.0,0.0,0.0,0.000,0.000,13538,50368,0.0,0.3,0.3,0.000,0.020,41549,36983,51,0.227,9.920,300.0,1330.0,0.2,0.1,0.0,0.0,0.2,0.0,0.0,0.0,0.0,5.1,412,7622,412,Não,Não,Não,Não,Não,Não,Não,Não,12.557,28.148,92.7,9.355,24.9,1.5,56.9,0.5,0.5,0.5,0.5,1.5,54.5,0.5,0.5,0.5,0.5,665.64,1845.29,17.57,16.05,1880.91,1880.91,1.07,5.33,665.64,0.00,1237.18,52,4,2.7,0.0,0,
20.9.2026,12:13:58.464,5554,11538,32.4,5568,10500,34.6,3.9,1024,40,0.696,0.694,0.694,0.696,0.697,0.697,0.696,0.698,0.697,0.694,0.697,0.668,1037.5,1197.1,1197.1,997.6,997.6,997.6,997.6,997.6,997.6,997.6,997.6,99.8,598.5,1060.1,1185.5,1184.7,1191.5,1192.8,989.2,993.8,996.1,995.9,998.7,997.1,998.1,997.8,1091.2,100.0,100.0,100.0,100.0,100.0,100.0,100.0,100.0,100.0,100.0,100.0,100.0,100.0,100.0,100.0,100.0,106.1,93.6,93.6,93.6,93.6,112.2,112.4,112.2,112.2,112.3,112.3,112.3,112.6,106.6,10.4,12.0,12.0,10.0,10.0,10.0,10.0,10.0,10.0,10.0,10.0,6.0,55,57,56,54,54,54,54,54,55,55,56,45,43,44,46,46,46,46,46,45,45,44,57,57,Não,Não,Não,Não,Não,Não,Não,Não,Não,Não,Não,Não,Não,Não,Não,Não,Não,Não,Não,Não,Não,Não,Sim,Sim,Sim,Sim,Sim,Sim,Sim,Sim,Sim,Sim,Sim,Não,Não,Sim,56,56,51,0.000,0.000,0.000,0.000,0.000,0.000,0.000,1.200,8.125,9.891,5.130,0.001,21.173,3.433,0.849,0.134,30.0,10.0,39.0,25.5,0,0.0,0.0,0.0,0.0,98.7,98.4,98.3,98.8,98.9,98.2,98.6,98.8,98.8,99.0,98.8,98.9,98.9,0.0,0.0,0.0,0.0,0.0,0.0,0.0,0.0,0.0,0.0,0.0,0.0,0.0,0.0,0.0,0.0,0.0,0.0,0.0,0.0,0.0,0.0,0.0,0.0,0.0,1330.1,13.33,19,19,19,43,62,734,1,2,Sim,Não,Não,Não,Não,Não,Não,Não,Sim,Não,Não,Não,Não,Não,Não,Não,Não,Não,Não,Não,Não,Não,Não,Não,Não,Não,Não,Sim,Não,Não,Não,Não,Não,Não,Não,Não,Sim,Não,55.0,28,Não,Não,34,34,87.0,100.0,Não,Não,18433,29287,0.0,0.0,0.0,0.000,0.000,13538,50368,0.0,0.2,0.2,0.000,0.004,41549,36983,52,0.227,9.874,300.0,1330.0,0.2,0.1,0.0,0.1,0.3,0.0,0.0,0.0,0.0,5.1,412,7622,412,Não,Não,Não,Não,Não,Não,Não,Não,12.558,28.159,92.7,9.343,24.9,0.5,0.5,0.5,0.5,0.5,0.5,0.5,0.5,0.5,0.5,0.5,0.5,1866.00,1866.00,1866.00,1866.00,1866.00,1866.00,1.35,15.14,1866.00,0.00,1848.81,52,4,0.2,0.0,0,
20.9.2026,12:14:0.452,5555,11537,32.5,5567,10501,34.6,3.9,1024,40,0.695,0.696,0.693,0.694,0.696,0.695,0.696,0.696,0.694,0.695,0.695,0.668,1037.5,1197.1,1197.1,997.6,997.6,997.6,997.6,997.6,997.6,997.6,997.6,99.8,997.6,1057.1,1182.6,1181.8,1189.1,1190.0,987.2,991.1,993.3,993.3,994.7,994.0,994.1,994.2,1088.5,100.0,100.0,100.0,100.0,100.0,100.0,100.0,100.0,100.0,100.0,100.0,100.0,100.0,100.0,100.0,100.0,105.7,93.4,93.4,93.4,93.4,111.9,111.9,111.9,111.9,111.9,111.9,111.9,111.9,105.7,10.4,12.0,12.0,10.0,10.0,10.0,10.0,10.0,10.0,10.0,10.0,10.0,55,57,55,57,56,56,54,53,53,53,53,45,43,45,43,44,44,46,47,47,47,47,57,57,Não,Não,Não,Não,Não,Não,Não,Não,Não,Não,Não,Não,Não,Não,Não,Não,Não,Não,Não,Não,Não,Não,Sim,Sim,Sim,Sim,Sim,Sim,Sim,Sim,Sim,Sim,Sim,Não,Não,Sim,56,56,52,0.000,0.000,0.000,0.000,0.000,0.000,0.000,1.200,7.500,9.870,5.097,0.001,21.226,3.445,0.848,0.134,30.0,10.0,39.0,25.5,0,0.0,0.0,0.0,0.0,98.7,98.3,98.3,98.8,98.9,98.2,98.6,98.9,98.8,99.0,98.9,98.9,98.9,0.0,0.0,0.0,0.0,0.0,0.0,0.0,0.0,0.0,0.0,0.0,0.0,0.0,0.0,0.0,0.0,0.0,0.0,0.0,0.0,0.0,0.0,0.0,0.0,0.0,1330.1,13.33,19,19,19,43,62,734,1,2,Sim,Não,Não,Não,Não,Não,Não,Não,Sim,Não,Não,Não,Não,Não,Não,Não,Não,Não,Não,Não,Não,Não,Não,Não,Não,Não,Não,Sim,Não,Não,Não,Não,Não,Não,Não,Não,Sim,Não,54.0,28,Não,Não,34,34,87.0,100.0,Não,Não,18433,29287,0.0,0.0,0.0,0.000,0.000,13538,50368,0.0,0.4,0.4,0.008,0.024,41549,36983,52,0.227,10.029,300.0,1330.0,0.2,0.1,0.0,0.1,0.3,0.0,0.0,0.0,0.0,5.1,412,7622,412,Não,Não,Não,Não,Não,Não,Não,Não,12.558,28.159,92.7,9.331,24.9,1.1,29.3,0.6,0.5,0.5,0.5,1.1,28.7,0.6,0.5,0.5,0.5,923.30,1812.46,34.14,17.81,1830.60,1830.60,1.18,4.27,923.30,0.00,1747.09,52,4,0.1,0.0,0,
20.9.2026,12:14:2.466,5557,11534,32.5,5567,10501,34.6,3.9,1024,40,0.695,0.699,0.695,0.694,0.695,0.695,0.696,0.696,0.694,0.694,0.695,0.668,1037.5,1197.1,1197.1,997.6,997.6,997.6,997.6,997.6,997.6,997.6,997.6,99.8,997.6,1054.4,1181.0,1179.6,1185.7,1186.8,984.1,987.8,989.9,990.2,992.1,991.7,992.2,992.2,1085.6,100.0,100.0,100.0,100.0,100.0,100.0,100.0,100.0,100.0,100.0,100.0,100.0,100.0,100.0,100.0,100.0,105.5,93.2,93.2,93.2,93.2,111.7,111.7,111.7,111.7,111.7,111.7,111.7,111.7,105.5,10.4,12.0,12.0,10.0,10.0,10.0,10.0,10.0,10.0,10.0,10.0,10.0,54,57,55,56,54,54,54,53,53,53,53,46,43,45,44,46,46,46,47,47,47,47,57,57,Não,Não,Não,Não,Não,Não,Não,Não,Não,Não,Não,Não,Não,Não,Não,Não,Não,Não,Não,Não,Não,Não,Sim,Sim,Sim,Sim,Sim,Sim,Sim,Sim,Sim,Sim,Sim,Não,Não,Sim,56,56,52,0.000,0.000,0.000,0.000,0.000,0.000,0.000,1.200,8.125,10.034,5.261,0.001,21.170,3.450,0.845,0.131,30.0,10.0,39.0,25.5,0,0.0,0.0,0.0,0.0,98.7,98.4,98.3,98.8,98.9,98.1,98.5,98.7,98.8,98.9,98.9,98.9,98.9,0.0,0.0,0.0,0.0,0.0,0.0,0.0,0.0,0.0,0.0,0.0,0.0,0.0,0.0,0.0,0.0,0.0,0.0,0.0,0.0,0.0,0.0,0.0,0.0,0.0,1330.1,13.33,19,19,19,43,62,734,1,2,Sim,Não,Não,Não,Não,Não,Não,Não,Sim,Não,Não,Não,Não,Não,Não,Não,Não,Não,Não,Não,Não,Não,Não,Não,Não,Não,Não,Sim,Não,Não,Não,Não,Não,Não,Não,Não,Sim,Não,54.0,28,Não,Não,34,34,87.0,100.0,Não,Não,18433,29287,0.0,0.0,0.0,0.000,0.000,13538,50368,0.0,0.2,0.2,0.000,0.008,41549,36983,51,0.227,9.868,300.0,1330.0,0.3,0.2,0.0,0.1,0.4,0.0,0.0,0.0,0.0,5.1,412,7622,412,Não,Não,Não,Não,Não,Não,Não,Não,12.559,28.170,92.7,9.319,24.9,2.2,63.2,0.7,0.7,0.7,0.7,2.2,60.2,0.7,0.7,0.7,0.7,462.07,1355.31,15.83,15.83,1383.86,1383.86,0.76,1.36,462.07,0.00,683.49,52,4,0.2,0.0,0,
20.9.2026,12:14:4.450,5556,11536,32.5,5565,10503,34.6,3.9,1024,40,0.696,0.701,0.694,0.698,0.697,0.696,0.695,0.697,0.694,0.696,0.694,0.863,1037.5,1197.1,1197.1,997.6,997.6,997.6,997.6,997.6,997.6,997.6,997.6,99.8,598.5,1055.9,1181.3,1180.5,1187.4,1188.7,985.9,989.6,992.3,992.1,993.8,993.3,993.4,992.8,1087.2,100.0,100.0,100.0,100.0,100.0,100.0,100.0,100.0,100.0,100.0,100.0,100.0,100.0,100.0,100.0,100.0,105.6,93.3,93.3,93.3,93.3,111.8,111.8,111.8,111.8,111.8,111.8,111.8,111.8,105.6,10.4,12.0,12.0,10.0,10.0,10.0,10.0,10.0,10.0,10.0,10.0,6.0,54,56,55,54,54,54,56,53,53,55,54,46,44,45,46,46,46,44,47,47,45,46,56,56,Não,Não,Não,Não,Não,Não,Não,Não,Não,Não,Não,Não,Não,Não,Não,Não,Não,Não,Não,Não,Não,Não,Sim,Sim,Sim,Sim,Sim,Sim,Sim,Sim,Sim,Sim,Sim,Não,Não,Sim,56,56,51,0.000,0.000,0.000,0.000,0.000,0.000,0.000,1.200,8.125,9.867,5.050,0.001,21.163,3.493,0.844,0.134,30.0,10.0,39.0,25.5,0,0.0,0.0,0.0,0.0,98.7,98.3,98.3,98.8,98.9,98.2,98.6,98.8,98.8,99.0,98.9,98.9,98.9,0.0,0.0,0.0,0.0,0.0,0.0,0.0,0.0,0.0,0.0,0.0,0.0,0.0,0.0,0.0,0.0,0.0,0.0,0.0,0.0,0.0,0.0,0.0,0.0,0.0,1330.1,13.33,19,19,19,43,62,734,1,2,Sim,Não,Não,Não,Não,Não,Não,Não,Sim,Não,Não,Não,Não,Não,Não,Não,Não,Não,Não,Não,Não,Não,Não,Não,Não,Não,Não,Sim,Não,Não,Não,Não,Não,Não,Não,Não,Sim,Não,54.0,28,Não,Não,34,34,87.0,100.0,Não,Não,18433,29287,0.0,0.0,0.0,0.000,0.000,13538,50368,0.0,0.2,0.2,0.000,0.001,41549,36983,51,0.227,9.921,300.0,1330.0,0.2,0.1,0.0,0.1,0.3,0.0,0.0,0.0,0.0,5.1,412,7622,412,Não,Não,Não,Não,Não,Não,Não,Não,12.558,28.170,92.7,9.331,24.9,1.3,32.2,0.7,0.7,0.7,0.7,1.3,31.4,0.7,0.7,0.7,0.7,774.19,1517.32,31.05,17.41,1532.48,1532.48,0.93,3.92,774.19,0.00,1340.68,52,4,0.1,0.0,0,
20.9.2026,12:14:6.459,5555,11537,32.5,5565,10502,34.6,3.9,1024,40,0.695,0.699,0.695,0.695,0.698,0.695,0.696,0.693,0.695,0.694,0.694,0.668,1037.5,1197.1,1197.1,997.6,997.6,997.6,997.6,997.6,997.6,997.6,997.6,99.8,997.6,1053.0,1179.2,1177.8,1185.2,1185.8,982.0,986.2,988.6,988.8,991.1,990.8,990.5,990.7,1084.2,100.0,100.0,100.0,100.0,100.0,100.0,100.0,100.0,100.0,100.0,100.0,100.0,100.0,100.0,100.0,100.0,105.4,93.1,93.1,93.1,93.1,111.5,111.5,111.5,111.5,111.5,111.5,111.5,111.5,105.4,10.4,12.0,12.0,10.0,10.0,10.0,10.0,10.0,10.0,10.0,10.0,10.0,55,56,55,56,54,56,56,53,53,53,54,45,44,45,44,46,44,44,47,47,47,46,56,56,Não,Não,Não,Não,Não,Não,Não,Não,Não,Não,Não,Não,Não,Não,Não,Não,Não,Não,Não,Não,Não,Não,Sim,Sim,Sim,Sim,Sim,Sim,Sim,Sim,Sim,Sim,Sim,Não,Não,Sim,56,56,51,0.000,0.000,0.000,0.000,0.000,0.000,0.000,1.200,7.813,9.918,5.114,0.001,21.119,3.477,0.848,0.132,30.0,10.0,39.0,25.5,0,0.0,0.0,0.0,0.0,98.7,98.4,98.3,98.8,98.9,98.1,98.5,98.7,98.8,99.0,99.0,98.9,99.0,0.0,0.0,0.0,0.0,0.0,0.0,0.0,0.0,0.0,0.0,0.0,0.0,0.0,0.0,0.0,0.0,0.0,0.0,0.0,0.0,0.0,0.0,0.0,0.0,0.0,1330.1,13.33,19,19,19,43,62,734,1,2,Sim,Não,Não,Não,Não,Não,Não,Não,Sim,Não,Não,Não,Não,Não,Não,Não,Não,Não,Não,Não,Não,Não,Não,Não,Não,Não,Não,Sim,Não,Não,Não,Não,Não,Não,Não,Não,Sim,Não,55.0,28,Não,Não,34,34,87.0,100.0,Não,Não,18433,29287,0.0,0.0,0.0,0.000,0.000,13538,50368,0.0,0.7,0.7,0.000,0.051,41549,36983,52,0.227,10.056,300.0,1330.0,0.2,0.1,0.0,0.1,0.3,0.0,0.0,0.0,0.0,5.1,412,7622,412,Não,Não,Não,Não,Não,Não,Não,Não,12.557,28.170,92.7,9.317,24.9,0.5,0.5,0.5,0.5,0.5,0.5,0.5,0.5,0.5,0.5,0.5,0.5,1831.30,1831.30,1831.30,1831.30,1831.30,1831.30,1.37,20.65,1831.30,0.00,1680.04,52,4,0.2,0.1,0,
20.9.2026,12:14:8.463,5557,11535,32.5,5569,10498,34.6,3.9,1024,40,0.692,0.674,0.673,0.696,0.696,0.695,0.697,0.697,0.701,0.694,0.695,0.668,1017.5,1097.3,1097.3,997.6,997.6,997.6,997.6,997.6,997.6,997.6,997.6,99.8,598.5,1032.3,1165.9,1164.5,1170.3,1171.7,956.8,960.7,963.3,963.6,968.0,967.0,967.7,967.7,1064.6,100.0,100.0,100.0,100.0,100.0,100.0,100.0,100.0,100.0,100.0,100.0,100.0,100.0,100.0,100.0,100.0,103.3,92.0,92.0,92.0,92.0,108.8,108.8,108.8,108.8,109.0,109.0,109.0,109.0,103.3,10.2,11.0,11.0,10.0,10.0,10.0,10.0,10.0,10.0,10.0,10.0,6.0,54,55,55,53,54,54,54,53,53,53,53,46,45,45,47,46,46,46,47,47,47,47,55,55,Não,Não,Não,Não,Não,Não,Não,Não,Não,Não,Não,Não,Não,Não,Não,Não,Não,Não,Não,Não,Não,Não,Sim,Sim,Sim,Sim,Sim,Sim,Sim,Sim,Sim,Sim,Sim,Não,Não,Sim,57,57,52,0.000,0.000,0.000,0.000,0.000,0.000,0.000,1.200,7.813,10.057,5.227,0.001,21.139,3.510,0.846,0.131,30.0,10.0,39.0,25.5,0,0.0,0.0,0.0,0.0,98.7,98.4,98.3,98.8,98.9,98.0,98.4,98.7,98.7,99.0,98.9,98.9,98.9,0.0,0.0,0.0,0.0,0.0,0.0,0.0,0.0,0.0,0.0,0.0,0.0,0.0,0.0,0.0,0.0,0.0,0.0,0.0,0.0,0.0,0.0,0.0,0.0,0.0,1330.1,13.33,19,19,19,43,62,734,1,2,Sim,Não,Não,Não,Não,Não,Não,Não,Sim,Não,Não,Não,Não,Não,Não,Não,Não,Não,Não,Não,Não,Não,Não,Não,Não,Não,Não,Sim,Não,Não,Não,Não,Não,Não,Não,Não,Sim,Não,54.0,28,Não,Não,34,34,87.0,100.0,Não,Não,18433,29287,0.0,0.0,0.0,0.000,0.000,13538,50368,0.1,1.1,1.1,0.032,0.040,41549,36983,53,0.227,10.048,300.0,1330.0,0.3,0.1,0.0,0.1,0.3,0.0,0.0,0.0,0.0,5.1,412,7622,412,Não,Não,Não,Não,Não,Não,Não,Não,12.562,28.181,92.8,9.296,24.9,1.6,59.6,0.6,0.6,0.6,0.6,1.6,54.6,0.6,0.6,0.6,0.6,638.48,1765.82,16.79,15.25,1799.81,1799.81,0.96,4.37,638.48,0.00,1216.65,52,4,1.7,1.0,0,
20.9.2026,12:14:10.463,5558,11534,32.5,5570,10498,34.6,3.9,1024,40,0.695,0.695,0.693,0.693,0.694,0.697,0.697,0.696,0.694,0.694,0.695,0.668,1037.5,1197.1,1197.1,997.6,997.6,997.6,997.6,997.6,997.6,997.6,997.6,99.8,598.5,1043.8,1171.2,1171.2,1178.3,1179.4,971.0,975.3,978.3,978.3,980.9,980.1,980.7,980.8,1075.4,100.0,100.0,100.0,100.0,100.0,100.0,100.0,100.0,100.0,100.0,100.0,100.0,100.0,100.0,100.0,100.0,104.4,92.5,92.5,92.6,92.6,110.2,110.2,110.3,110.3,110.3,110.3,110.3,110.3,104.4,10.4,12.0,12.0,10.0,10.0,10.0,10.0,10.0,10.0,10.0,10.0,6.0,55,56,55,56,54,56,56,53,53,53,55,45,44,45,44,46,44,44,47,47,47,45,56,56,Não,Não,Não,Não,Não,Não,Não,Não,Não,Não,Não,Não,Não,Não,Não,Não,Não,Não,Não,Não,Não,Não,Sim,Sim,Sim,Sim,Sim,Sim,Sim,Sim,Sim,Sim,Sim,Não,Não,Sim,55,55,52,0.000,0.000,0.000,0.000,0.000,0.000,0.000,1.200,7.813,10.049,5.137,0.001,21.309,3.600,0.822,0.142,30.0,10.0,39.0,25.5,0,0.0,0.0,0.0,0.0,98.7,98.3,98.3,98.9,98.9,98.0,98.4,98.7,98.7,99.0,98.9,98.9,98.9,0.0,0.0,0.0,0.0,0.0,0.0,0.0,0.0,0.0,0.0,0.0,0.0,0.0,0.0,0.0,0.0,0.0,0.0,0.0,0.0,0.0,0.0,0.0,0.0,0.0,1330.1,13.33,19,19,19,43,62,734,1,2,Sim,Não,Não,Não,Não,Não,Não,Não,Sim,Não,Não,Não,Não,Não,Não,Não,Não,Não,Não,Não,Não,Não,Não,Não,Não,Não,Não,Sim,Não,Não,Não,Não,Não,Não,Não,Não,Sim,Não,55.0,28,Não,Não,34,34,87.0,100.0,Não,Não,18433,29287,0.0,0.0,0.0,0.000,0.000,13538,50368,0.0,2.3,2.3,0.000,0.101,41549,36983,52,0.227,9.683,300.0,1330.0,0.2,0.1,0.0,0.0,0.2,0.0,0.0,0.0,0.0,5.1,412,7622,412,Não,Não,Não,Não,Não,Não,Não,Não,12.558,28.181,92.8,9.280,24.9,1.1,29.2,0.5,0.5,0.5,0.5,1.1,28.5,0.5,0.5,0.5,0.5,941.26,1848.27,34.25,17.59,1866.78,1866.78,0.95,3.82,941.26,0.00,1849.95,52,4,0.2,0.0,0,
20.9.2026,12:14:12.458,5556,11536,32.5,5571,10497,34.6,3.9,1024,40,0.691,0.676,0.672,0.694,0.696,0.696,0.697,0.696,0.694,0.695,0.694,0.668,1017.5,1097.3,1097.3,997.6,997.6,997.6,997.6,997.6,997.6,997.6,997.6,99.8,498.8,1042.6,1172.2,1171.3,1177.7,1178.5,969.4,974.7,976.9,977.3,978.5,978.2,978.2,978.3,1074.7,100.0,100.0,100.0,100.0,100.0,100.0,100.0,100.0,100.0,100.0,100.0,100.0,100.0,100.0,100.0,100.0,104.5,92.6,92.6,92.6,92.6,110.4,110.4,110.4,110.4,110.4,110.4,110.4,110.4,104.5,10.2,11.0,11.0,10.0,10.0,10.0,10.0,10.0,10.0,10.0,10.0,5.0,54,56,55,54,56,54,54,53,54,52,55,46,44,45,46,44,46,46,47,46,48,45,56,56,Não,Não,Não,Não,Não,Não,Não,Não,Não,Não,Não,Não,Não,Não,Não,Não,Não,Não,Não,Não,Não,Não,Sim,Sim,Sim,Sim,Sim,Sim,Sim,Sim,Sim,Sim,Sim,Não,Não,Sim,55,55,52,0.000,0.000,0.000,0.000,0.000,0.000,0.000,1.200,6.563,9.680,4.828,0.001,21.209,3.533,0.837,0.139,30.0,10.0,39.0,25.5,0,0.0,0.0,0.0,0.0,98.7,98.3,98.3,98.8,98.9,98.0,98.5,98.7,98.8,98.9,98.9,98.9,98.9,0.0,0.0,0.0,0.0,0.0,0.0,0.0,0.0,0.0,0.0,0.0,0.0,0.0,0.0,0.0,0.0,0.0,0.0,0.0,0.0,0.0,0.0,0.0,0.0,0.0,1330.1,13.33,19,19,19,43,62,734,1,2,Sim,Não,Não,Não,Não,Não,Não,Não,Sim,Não,Não,Não,Não,Não,Não,Não,Não,Não,Não,Não,Não,Não,Não,Não,Não,Não,Não,Sim,Não,Não,Não,Não,Não,Não,Não,Não,Sim,Não,55.0,28,Não,Não,34,34,87.0,100.0,Não,Não,18433,29287,0.0,0.0,0.0,0.000,0.000,13538,50368,0.3,1.3,1.6,0.042,0.114,41549,36983,52,0.227,10.020,300.0,1330.0,0.3,0.2,0.0,0.1,0.3,0.0,0.0,0.0,0.0,5.1,412,7622,412,Não,Não,Não,Não,Não,Não,Não,Não,12.561,28.193,92.8,9.283,24.9,1.6,64.2,0.6,0.5,0.5,0.5,1.6,60.1,0.6,0.5,0.5,0.5,620.87,1794.48,15.58,15.57,1830.77,1830.77,0.97,2.00,620.87,0.00,1165.04,52,4,0.2,0.0,0,
20.9.2026,12:14:14.460,5555,11537,32.5,5570,10498,34.6,3.9,1024,40,0.695,0.698,0.693,0.696,0.695,0.695,0.696,0.694,0.695,0.695,0.694,0.668,1037.5,1197.1,1197.1,997.6,997.6,997.6,997.6,997.6,997.6,997.6,997.6,99.8,997.6,1046.3,1172.1,1171.4,1178.7,1180.4,974.9,979.1,980.9,981.5,984.3,984.0,984.0,984.1,1077.4,100.0,100.0,100.0,100.0,100.0,100.0,100.0,100.0,100.0,100.0,100.0,100.0,100.0,100.0,100.0,100.0,104.5,92.6,92.6,92.6,92.6,110.4,110.4,110.4,110.4,110.5,110.5,110.5,110.5,104.5,10.4,12.0,12.0,10.0,10.0,10.0,10.0,10.0,10.0,10.0,10.0,10.0,54,56,55,56,54,56,56,53,53,53,53,46,44,45,44,46,44,44,47,47,47,47,57,56,Não,Não,Não,Não,Não,Não,Não,Não,Não,Não,Não,Não,Não,Não,Não,Não,Não,Não,Não,Não,Não,Não,Sim,Sim,Sim,Sim,Sim,Sim,Sim,Sim,Sim,Sim,Sim,Não,Não,Sim,57,57,52,0.000,0.000,0.000,0.000,0.000,0.000,0.000,1.200,7.813,10.016,5.119,0.001,21.263,3.560,0.844,0.147,30.0,10.0,39.0,25.5,0,0.0,0.0,0.0,0.0,98.7,98.3,98.3,98.8,98.9,98.1,98.6,98.7,98.8,99.0,98.9,98.9,98.9,0.0,0.0,0.0,0.0,0.0,0.0,0.0,0.0,0.0,0.0,0.0,0.0,0.0,0.0,0.0,0.0,0.0,0.0,0.0,0.0,0.0,0.0,0.0,0.0,0.0,1330.1,13.33,19,19,19,43,62,734,1,2,Sim,Não,Não,Não,Não,Não,Não,Não,Sim,Não,Não,Não,Não,Não,Não,Não,Não,Não,Não,Não,Não,Não,Não,Não,Não,Não,Não,Sim,Não,Não,Não,Não,Não,Não,Não,Não,Sim,Não,54.0,28,Não,Não,34,34,87.0,100.0,Não,Não,18433,29287,0.0,0.0,0.0,0.000,0.000,13538,50368,0.2,1.3,1.5,0.032,0.065,41549,36984,52,0.227,9.971,300.0,1330.0,0.2,0.1,0.0,0.1,0.3,0.0,0.0,0.0,0.0,5.1,412,7622,412,Não,Não,Não,Não,Não,Não,Não,Não,12.559,28.193,92.8,9.269,24.9,1.1,29.9,0.6,0.6,0.6,0.6,1.1,29.4,0.6,0.6,0.6,0.6,882.54,1731.67,33.41,17.81,1749.00,1749.00,0.95,6.25,882.54,0.00,1682.41,52,4,0.2,0.0,0,
20.9.2026,12:14:16.454,5555,11537,32.5,5570,10498,34.6,3.9,1024,40,0.684,0.696,0.695,0.694,0.696,0.680,0.673,0.674,0.672,0.678,0.677,0.668,917.8,1197.1,1197.1,997.6,997.6,798.0,798.0,798.0,798.0,798.0,798.0,99.8,598.5,1045.6,1172.9,1172.2,1178.8,1180.6,974.7,979.2,981.3,980.7,982.7,981.8,981.0,980.8,1077.6,100.0,100.0,100.0,100.0,100.0,100.0,100.0,100.0,100.0,100.0,100.0,100.0,100.0,100.0,100.0,100.0,104.7,92.7,92.7,92.7,92.7,110.6,110.6,110.6,110.6,110.7,110.7,110.7,110.7,104.7,9.2,12.0,12.0,10.0,10.0,8.0,8.0,8.0,8.0,8.0,8.0,6.0,54,56,56,54,54,54,54,53,53,53,53,46,44,44,46,46,46,46,47,47,47,47,56,56,Não,Não,Não,Não,Não,Não,Não,Não,Não,Não,Não,Não,Não,Não,Não,Não,Não,Não,Não,Não,Não,Não,Sim,Sim,Sim,Sim,Sim,Sim,Sim,Sim,Sim,Sim,Sim,Não,Não,Sim,56,56,53,0.000,0.000,0.000,0.000,0.000,0.000,0.000,1.200,7.188,9.975,5.130,0.001,21.185,3.511,0.842,0.146,30.0,10.0,39.0,25.5,0,0.0,0.0,0.0,0.0,98.7,98.3,98.2,98.8,98.9,98.1,98.6,98.8,98.8,99.0,98.9,98.9,98.9,0.0,0.0,0.0,0.0,0.0,0.0,0.0,0.0,0.0,0.0,0.0,0.0,0.0,0.0,0.0,0.0,0.0,0.0,0.0,0.0,0.0,0.0,0.0,0.0,0.0,1330.1,13.33,19,19,19,43,62,734,1,2,Sim,Não,Não,Não,Não,Não,Não,Não,Sim,Não,Não,Não,Não,Não,Não,Não,Não,Não,Não,Não,Não,Não,Não,Não,Não,Não,Não,Sim,Não,Não,Não,Não,Não,Não,Não,Não,Sim,Não,55.0,28,Não,Não,35,35,87.0,100.0,Não,Não,18433,29287,0.0,0.0,0.0,0.000,0.000,13538,50368,0.0,1.5,1.6,0.008,0.176,41549,36984,51,0.227,10.171,300.0,1330.0,0.3,0.2,0.0,0.1,0.4,0.0,0.0,0.0,0.0,5.1,412,7622,412,Não,Não,Não,Não,Não,Não,Não,Não,12.559,28.204,92.9,9.256,24.9,1.7,57.1,0.6,0.6,0.6,0.6,1.7,54.6,0.6,0.6,0.6,0.6,588.44,1617.92,17.51,15.98,1648.89,1648.89,0.96,2.76,588.44,0.00,1055.27,52,4,0.3,0.1,0,
20.9.2026,12:14:18.453,5558,11534,32.5,5571,10497,34.6,3.9,1024,40,0.693,0.694,0.693,0.698,0.695,0.695,0.694,0.695,0.676,0.694,0.695,0.668,1027.5,1197.1,1197.1,997.6,997.6,997.6,997.6,997.6,897.8,997.6,997.6,99.8,598.5,1043.7,1170.4,1169.7,1177.8,1178.4,970.5,973.8,976.9,978.0,981.7,981.6,982.8,982.5,1074.4,100.0,100.0,100.0,100.0,100.0,100.0,100.0,100.0,100.0,100.0,100.0,100.0,100.0,100.0,100.0,100.0,104.4,92.5,92.5,92.6,92.6,110.2,110.2,110.2,110.2,110.4,110.4,110.4,110.4,104.4,10.3,12.0,12.0,10.0,10.0,10.0,10.0,10.0,9.0,10.0,10.0,6.0,54,57,56,54,54,54,54,53,53,53,53,46,43,44,46,46,46,46,47,47,47,47,57,57,Não,Não,Não,Não,Não,Não,Não,Não,Não,Não,Não,Não,Não,Não,Não,Não,Não,Não,Não,Não,Não,Não,Sim,Sim,Sim,Sim,Sim,Sim,Sim,Sim,Sim,Sim,Sim,Não,Não,Sim,56,56,52,0.000,0.000,0.000,0.000,0.000,0.000,0.000,1.200,7.500,10.155,5.277,0.001,21.212,3.539,0.843,0.148,30.0,10.0,39.0,25.5,0,0.0,0.0,0.0,0.0,98.7,98.3,98.2,98.8,98.9,98.1,98.4,98.7,98.8,98.9,98.9,99.0,98.9,0.0,0.0,0.0,0.0,0.0,0.0,0.0,0.0,0.0,0.0,0.0,0.0,0.0,0.0,0.0,0.0,0.0,0.0,0.0,0.0,0.0,0.0,0.0,0.0,0.0,1330.1,13.33,19,19,19,43,62,734,2,1,Sim,Não,Não,Não,Não,Não,Não,Não,Sim,Não,Não,Não,Não,Não,Não,Não,Não,Não,Não,Não,Não,Não,Não,Não,Não,Não,Não,Sim,Não,Não,Não,Não,Não,Não,Não,Não,Sim,Não,55.0,28,Não,Não,35,35,87.0,100.0,Não,Não,18433,29287,0.0,0.0,0.0,0.000,0.000,13538,50368,0.0,2.3,2.3,0.000,0.044,41549,36984,52,0.227,10.011,300.0,1330.0,0.2,0.1,0.0,0.0,0.2,0.0,0.0,0.0,0.0,5.1,412,7622,412,Não,Não,Não,Não,Não,Não,Não,Não,12.561,28.204,92.9,9.257,24.9,1.1,29.0,0.5,0.5,0.5,0.5,1.1,28.4,0.5,0.5,0.5,0.5,941.05,1847.62,34.49,17.84,1866.12,1866.12,0.95,7.89,941.05,0.00,1849.45,52,4,0.3,0.0,0,
20.9.2026,12:14:20.456,5554,11537,32.4,5568,10500,34.6,3.9,1024,40,0.696,0.697,0.694,0.697,0.697,0.697,0.695,0.694,0.694,0.695,0.695,0.668,1037.5,1197.1,1197.1,997.6,997.6,997.6,997.6,997.6,997.6,997.6,997.6,99.8,598.5,1049.0,1174.3,1173.6,1181.3,1182.7,976.7,981.7,983.7,984.4,987.6,987.4,987.2,987.5,1079.8,100.0,100.0,100.0,100.0,100.0,100.0,100.0,100.0,100.0,100.0,100.0,100.0,100.0,100.0,100.0,100.0,105.0,92.8,92.8,92.8,92.8,111.0,111.0,111.0,111.0,111.1,111.1,111.1,111.1,105.0,10.4,12.0,12.0,10.0,10.0,10.0,10.0,10.0,10.0,10.0,10.0,6.0,55,57,55,54,56,54,54,55,53,55,53,45,43,45,46,44,46,46,45,47,45,47,57,57,Não,Não,Não,Não,Não,Não,Não,Não,Não,Não,Não,Não,Não,Não,Não,Não,Não,Não,Não,Não,Não,Não,Sim,Sim,Sim,Sim,Sim,Sim,Sim,Sim,Sim,Sim,Sim,Não,Não,Sim,55,55,52,0.000,0.000,0.000,0.000,0.000,0.000,0.000,1.200,7.500,10.042,5.163,0.001,21.300,3.555,0.842,0.137,30.0,10.0,39.0,25.5,0,0.0,0.0,0.0,0.0,98.7,98.3,98.2,98.8,99.0,98.0,98.5,98.7,98.7,99.0,99.0,99.0,99.0,0.0,0.0,0.0,0.0,0.0,0.0,0.0,0.0,0.0,0.0,0.0,0.0,0.0,0.0,0.0,0.0,0.0,0.0,0.0,0.0,0.0,0.0,0.0,0.0,0.0,1330.1,13.33,19,19,19,43,62,734,1,2,Sim,Não,Não,Não,Não,Não,Não,Não,Sim,Não,Não,Não,Não,Não,Não,Não,Não,Não,Não,Não,Não,Não,Não,Não,Não,Não,Não,Sim,Não,Não,Não,Não,Não,Não,Não,Não,Sim,Não,55.0,28,Não,Não,35,35,87.0,100.0,Não,Não,18433,29287,0.0,0.0,0.0,0.000,0.000,13538,50368,0.0,1.4,1.5,0.008,0.140,41549,36984,52,0.227,10.009,300.0,1330.0,0.3,0.2,0.0,0.1,0.3,0.0,0.0,0.0,0.0,5.1,412,7622,412,Não,Não,Não,Não,Não,Não,Não,Não,12.560,28.204,92.9,9.219,24.9,1.1,30.0,0.6,0.6,0.6,0.6,1.1,29.3,0.6,0.6,0.6,0.6,890.87,1748.37,33.38,17.63,1765.87,1765.87,0.99,7.05,890.87,0.00,1715.61,52,4,0.2,0.0,0,
20.9.2026,12:14:22.459,5554,11538,32.4,5567,10501,34.6,3.9,1024,40,0.696,0.695,0.695,0.697,0.698,0.696,0.694,0.695,0.694,0.695,0.697,0.668,1037.5,1197.1,1197.1,997.6,997.6,997.6,997.6,997.6,997.6,997.6,997.6,99.8,598.5,1049.5,1174.8,1174.6,1181.9,1182.7,978.9,982.0,984.6,984.9,987.6,987.4,987.4,987.0,1080.5,100.0,100.0,100.0,100.0,100.0,100.0,100.0,100.0,100.0,100.0,100.0,100.0,100.0,100.0,100.0,100.0,105.0,92.8,92.8,92.8,92.8,111.1,111.1,111.1,111.1,111.1,111.1,111.1,111.1,105.0,10.4,12.0,12.0,10.0,10.0,10.0,10.0,10.0,10.0,10.0,10.0,6.0,54,56,55,56,56,54,54,53,54,53,53,46,44,45,44,44,46,46,47,46,47,47,56,56,Não,Não,Não,Não,Não,Não,Não,Não,Não,Não,Não,Não,Não,Não,Não,Não,Não,Não,Não,Não,Não,Não,Sim,Sim,Sim,Sim,Sim,Sim,Sim,Sim,Sim,Sim,Sim,Não,Não,Sim,56,56,52,0.000,0.000,0.000,0.000,0.000,0.000,0.000,1.200,8.125,9.984,5.144,0.001,21.196,3.508,0.841,0.147,30.0,10.0,39.0,25.5,0,0.0,0.0,0.0,0.0,98.7,98.3,98.3,98.9,99.0,98.1,98.4,98.7,98.7,99.0,99.0,99.0,99.0,0.0,0.0,0.0,0.0,0.0,0.0,0.0,0.0,0.0,0.0,0.0,0.0,0.0,0.0,0.0,0.0,0.0,0.0,0.0,0.0,0.0,0.0,0.0,0.0,0.0,1330.1,13.33,19,19,19,43,62,734,2,1,Sim,Não,Não,Não,Não,Não,Não,Não,Sim,Não,Não,Não,Não,Não,Não,Não,Não,Não,Não,Não,Não,Não,Não,Não,Não,Não,Não,Sim,Não,Não,Não,Não,Não,Não,Não,Não,Sim,Não,54.0,28,Não,Não,35,35,87.0,100.0,Não,Não,18433,29287,0.0,0.0,0.0,0.000,0.000,13538,50368,0.5,1.5,2.0,0.073,0.124,41549,36984,52,0.227,9.992,300.0,1330.0,0.2,0.1,0.0,0.0,0.2,0.0,0.0,0.0,0.0,5.1,412,7622,412,Não,Não,Não,Não,Não,Não,Não,Não,12.560,28.215,92.9,9.219,24.9,1.2,30.4,0.6,0.6,0.6,0.6,1.2,29.7,0.6,0.6,0.6,0.6,866.03,1699.11,32.95,17.64,1716.11,1716.11,0.95,5.69,866.03,0.00,1624.37,52,4,0.2,0.1,0,
20.9.2026,12:14:24.458,5554,11537,32.4,5567,10501,34.6,3.9,1024,40,0.694,0.697,0.694,0.696,0.695,0.695,0.697,0.695,0.695,0.695,0.682,0.668,1027.5,1197.1,1197.1,997.6,997.6,997.6,997.6,997.6,997.6,997.6,897.8,99.8,598.5,1046.1,1172.8,1170.9,1179.5,1180.7,975.2,979.1,981.3,981.4,983.3,983.0,983.0,983.1,1077.6,100.0,100.0,100.0,100.0,100.0,100.0,100.0,100.0,100.0,100.0,100.0,100.0,100.0,100.0,100.0,100.0,104.6,92.7,92.7,92.7,92.7,110.6,110.6,110.6,110.6,110.6,110.6,110.6,110.6,104.6,10.3,12.0,12.0,10.0,10.0,10.0,10.0,10.0,10.0,10.0,9.0,6.0,54,56,55,54,56,54,54,53,55,55,53,46,44,45,46,44,46,46,47,45,45,47,56,56,Não,Não,Não,Não,Não,Não,Não,Não,Não,Não,Não,Não,Não,Não,Não,Não,Não,Não,Não,Não,Não,Não,Sim,Sim,Sim,Sim,Sim,Sim,Sim,Sim,Sim,Sim,Sim,Não,Não,Sim,56,56,53,0.000,0.000,0.000,0.000,0.000,0.000,0.000,1.200,7.813,10.000,5.145,0.001,21.290,3.523,0.846,0.139,30.0,10.0,39.0,25.5,0,0.0,0.0,0.0,0.0,98.7,98.3,98.2,98.8,98.9,98.2,98.6,98.8,98.8,99.0,98.9,98.9,98.9,0.0,0.0,0.0,0.0,0.0,0.0,0.0,0.0,0.0,0.0,0.0,0.0,0.0,0.0,0.0,0.0,0.0,0.0,0.0,0.0,0.0,0.0,0.0,0.0,0.0,1330.1,13.33,19,19,19,43,62,734,1,2,Sim,Não,Não,Não,Não,Não,Não,Não,Sim,Não,Não,Não,Não,Não,Não,Não,Não,Não,Não,Não,Não,Não,Não,Não,Não,Não,Não,Sim,Não,Não,Não,Não,Não,Não,Não,Não,Sim,Não,55.0,28,Não,Não,35,35,87.0,100.0,Não,Não,18433,29287,0.0,0.0,0.0,0.000,0.000,13538,50368,0.0,2.3,2.3,0.000,0.081,41549,36985,51,0.227,10.047,300.0,1330.0,0.2,0.1,0.0,0.0,0.2,0.0,0.0,0.0,0.0,5.1,412,7622,412,Não,Não,Não,Não,Não,Não,Não,Não,12.560,28.215,92.9,9.219,24.9,1.1,29.3,0.5,0.5,0.5,0.5,1.1,28.5,0.5,0.5,0.5,0.5,931.63,1829.09,34.17,17.69,1847.40,1847.40,1.23,3.68,931.63,0.00,1772.04,52,4,0.2,0.1,0,
20.9.2026,12:14:26.457,5553,11539,32.4,5565,10503,34.6,3.9,1024,40,0.695,0.694,0.694,0.695,0.696,0.699,0.695,0.695,0.694,0.694,0.695,0.668,1037.5,1197.1,1197.1,997.6,997.6,997.6,997.6,997.6,997.6,997.6,997.6,99.8,598.5,1046.5,1173.0,1171.4,1179.3,1180.6,975.0,979.5,981.5,981.4,984.3,984.0,983.8,983.9,1077.7,100.0,100.0,100.0,100.0,100.0,100.0,100.0,100.0,100.0,100.0,100.0,100.0,100.0,100.0,100.0,100.0,104.7,92.7,92.7,92.7,92.7,110.7,110.7,110.7,110.7,110.8,110.8,110.8,110.8,104.7,10.4,12.0,12.0,10.0,10.0,10.0,10.0,10.0,10.0,10.0,10.0,6.0,55,57,55,56,56,54,56,55,55,53,53,45,43,45,44,44,46,44,45,45,47,47,57,57,Não,Não,Não,Não,Não,Não,Não,Não,Não,Não,Não,Não,Não,Não,Não,Não,Não,Não,Não,Não,Não,Não,Sim,Sim,Sim,Sim,Sim,Sim,Sim,Sim,Sim,Sim,Sim,Não,Não,Sim,56,56,52,0.000,0.000,0.000,0.000,0.000,0.000,0.000,1.200,7.500,10.065,5.196,0.001,21.280,3.534,0.841,0.149,30.0,10.0,39.0,25.5,0,0.0,0.0,0.0,0.0,98.7,98.3,98.2,98.8,98.9,98.1,98.6,98.8,98.7,99.0,98.9,98.9,98.9,0.0,0.0,0.0,0.0,0.0,0.0,0.0,0.0,0.0,0.0,0.0,0.0,0.0,0.0,0.0,0.0,0.0,0.0,0.0,0.0,0.0,0.0,0.0,0.0,0.0,1330.1,13.33,19,19,19,43,62,734,1,2,Sim,Não,Não,Não,Não,Não,Não,Não,Sim,Não,Não,Não,Não,Não,Não,Não,Não,Não,Não,Não,Não,Não,Não,Não,Não,Não,Não,Sim,Não,Não,Não,Não,Não,Não,Não,Não,Sim,Não,54.0,28,Não,Não,35,35,87.0,100.0,Não,Não,18433,29287,0.0,0.0,0.0,0.000,0.000,13538,50368,0.0,1.8,1.8,0.000,0.123,41549,36985,52,0.227,10.081,300.0,1330.0,0.3,0.2,0.0,0.1,0.3,0.0,0.0,0.0,0.0,5.1,412,7622,412,Não,Não,Não,Não,Não,Não,Não,Não,12.563,28.215,92.9,9.209,24.9,1.2,30.9,0.6,0.6,0.6,0.6,1.2,30.3,0.6,0.6,0.6,0.6,832.35,1632.35,32.35,17.66,1648.67,1648.67,0.98,4.07,832.35,0.00,1548.72,52,4,0.3,0.0,0,
20.9.2026,12:14:28.460,5552,11540,32.4,5565,10503,34.6,3.9,1024,40,0.695,0.697,0.695,0.696,0.695,0.694,0.695,0.695,0.695,0.695,0.694,0.668,1037.5,1197.1,1197.1,997.6,997.6,997.6,997.6,997.6,997.6,997.6,997.6,99.8,598.5,1053.4,1179.0,1177.8,1185.4,1187.0,981.7,986.8,988.9,988.9,991.9,991.0,991.3,991.5,1084.4,100.0,100.0,100.0,100.0,100.0,100.0,100.0,100.0,100.0,100.0,100.0,100.0,100.0,100.0,100.0,100.0,105.4,93.2,93.2,93.2,93.2,111.6,111.6,111.6,111.6,111.6,111.6,111.6,111.6,105.4,10.4,12.0,12.0,10.0,10.0,10.0,10.0,10.0,10.0,10.0,10.0,6.0,54,56,55,56,54,54,54,55,55,53,53,46,44,45,44,46,46,46,45,45,47,47,56,56,Não,Não,Não,Não,Não,Não,Não,Não,Não,Não,Não,Não,Não,Não,Não,Não,Não,Não,Não,Não,Não,Não,Sim,Sim,Sim,Sim,Sim,Sim,Sim,Sim,Sim,Sim,Sim,Não,Não,Sim,56,56,53,0.000,0.000,0.000,0.000,0.000,0.000,0.000,1.200,7.500,10.072,5.241,0.001,21.216,3.494,0.844,0.147,30.0,10.0,39.0,25.5,0,0.0,0.0,0.0,0.0,98.7,98.3,98.2,98.8,99.0,98.0,98.5,98.7,98.7,99.0,98.9,98.9,99.0,0.0,0.0,0.0,0.0,0.0,0.0,0.0,0.0,0.0,0.0,0.0,0.0,0.0,0.0,0.0,0.0,0.0,0.0,0.0,0.0,0.0,0.0,0.0,0.0,0.0,1330.1,13.33,19,19,19,43,62,734,2,1,Sim,Não,Não,Não,Não,Não,Não,Não,Sim,Não,Não,Não,Não,Não,Não,Não,Não,Não,Não,Não,Não,Não,Não,Não,Não,Não,Não,Sim,Não,Não,Não,Não,Não,Não,Não,Não,Sim,Não,55.0,28,Não,Não,35,35,87.0,100.0,Não,Não,18433,29287,0.0,0.0,0.0,0.000,0.000,13538,50368,0.0,0.9,0.9,0.000,0.036,41549,36985,53,0.227,10.335,300.0,1330.0,0.2,0.1,0.0,0.1,0.3,0.0,0.0,0.0,0.0,5.1,412,7622,412,Não,Não,Não,Não,Não,Não,Não,Não,12.561,28.226,92.9,9.195,24.9,1.2,30.7,0.6,0.6,0.6,0.6,1.2,30.0,0.6,0.6,0.6,0.6,849.03,1665.46,32.61,17.61,1682.12,1682.12,0.99,3.85,849.03,0.00,1590.63,52,4,0.1,0.0,0,
20.9.2026,12:14:30.461,5552,11540,32.4,5566,10502,34.6,3.9,1024,40,0.695,0.695,0.695,0.695,0.695,0.695,0.694,0.695,0.695,0.694,0.695,0.668,1037.5,1197.1,1197.1,997.6,997.6,997.6,997.6,997.6,997.6,997.6,997.6,99.8,598.5,1051.7,1177.4,1176.2,1183.8,1184.4,980.6,985.0,986.9,987.6,990.1,989.5,989.6,989.9,1082.7,100.0,100.0,100.0,100.0,100.0,100.0,100.0,100.0,100.0,100.0,100.0,100.0,100.0,100.0,100.0,100.0,105.3,93.0,93.0,93.0,93.0,111.4,111.4,111.4,111.4,111.4,111.4,111.4,111.4,105.3,10.4,12.0,12.0,10.0,10.0,10.0,10.0,10.0,10.0,10.0,10.0,6.0,54,56,55,55,54,54,54,53,55,53,53,46,44,45,45,46,46,46,47,45,47,47,56,56,Não,Não,Não,Não,Não,Não,Não,Não,Não,Não,Não,Não,Não,Não,Não,Não,Não,Não,Não,Não,Não,Não,Sim,Sim,Sim,Sim,Sim,Sim,Sim,Sim,Sim,Sim,Sim,Não,Não,Sim,56,56,53,0.000,0.000,0.000,0.000,0.000,0.000,0.000,1.200,7.500,10.313,5.513,0.001,21.203,3.470,0.846,0.137,30.0,10.0,39.0,25.5,0,0.0,0.0,0.0,0.0,98.7,98.3,98.2,98.8,98.9,98.1,98.5,98.7,98.8,99.0,98.9,98.9,99.0,0.0,0.0,0.0,0.0,0.0,0.0,0.0,0.0,0.0,0.0,0.0,0.0,0.0,0.0,0.0,0.0,0.0,0.0,0.0,0.0,0.0,0.0,0.0,0.0,0.0,1330.1,13.33,19,19,19,43,62,734,1,2,Sim,Não,Não,Não,Não,Não,Não,Não,Sim,Não,Não,Não,Não,Não,Não,Não,Não,Não,Não,Não,Não,Não,Não,Não,Não,Não,Não,Sim,Não,Não,Não,Não,Não,Não,Não,Não,Sim,Não,55.0,28,Não,Não,35,35,87.0,100.0,Não,Não,18433,29287,0.0,0.0,0.0,0.000,0.000,13538,50368,0.2,1.2,1.4,0.041,0.070,41550,36985,51,0.227,10.506,300.0,1330.0,0.2,0.1,0.0,0.1,0.3,0.0,0.0,0.0,0.0,5.1,412,7622,412,Não,Não,Não,Não,Não,Não,Não,Não,12.560,28.226,92.9,9.181,24.9,1.3,32.9,0.7,0.7,0.7,0.7,1.3,32.1,0.7,0.7,0.7,0.7,740.74,1451.07,30.42,17.37,1465.56,1465.56,0.99,3.78,740.74,0.00,1265.88,52,4,0.2,0.0,0,
20.9.2026,12:14:32.464,5553,11539,32.4,5566,10502,34.6,3.9,1024,40,0.695,0.694,0.696,0.696,0.695,0.694,0.694,0.694,0.696,0.696,0.696,0.668,1037.5,1197.1,1197.1,997.6,997.6,997.6,997.6,997.6,997.6,997.6,997.6,99.8,598.5,1053.0,1177.4,1178.0,1185.4,1186.7,981.7,986.3,988.5,988.2,991.3,990.9,990.7,990.5,1084.0,100.0,100.0,100.0,100.0,100.0,100.0,100.0,100.0,100.0,100.0,100.0,100.0,100.0,100.0,100.0,100.0,105.3,93.1,93.1,93.1,93.1,111.4,111.4,111.4,111.4,111.5,111.5,111.5,111.5,105.3,10.4,12.0,12.0,10.0,10.0,10.0,10.0,10.0,10.0,10.0,10.0,6.0,54,56,55,54,56,54,54,55,53,53,55,46,44,45,46,44,46,46,45,47,47,45,56,56,Não,Não,Não,Não,Não,Não,Não,Não,Não,Não,Não,Não,Não,Não,Não,Não,Não,Não,Não,Não,Não,Não,Sim,Sim,Sim,Sim,Sim,Sim,Sim,Sim,Sim,Sim,Sim,Não,Não,Sim,56,56,52,0.000,0.000,0.000,0.000,0.000,0.000,0.000,1.200,7.188,10.505,5.638,0.001,21.272,3.532,0.844,0.145,30.0,10.0,39.0,25.5,0,0.0,0.0,0.0,0.0,98.7,98.2,98.3,98.9,99.0,98.1,98.5,98.8,98.7,99.0,99.0,99.0,98.9,0.0,0.0,0.0,0.0,0.0,0.0,0.0,0.0,0.0,0.0,0.0,0.0,0.0,0.0,0.0,0.0,0.0,0.0,0.0,0.0,0.0,0.0,0.0,0.0,0.0,665.0,6.67,19,19,19,43,62,734,2,1,Sim,Não,Não,Não,Não,Não,Não,Não,Sim,Não,Não,Não,Não,Não,Não,Não,Não,Não,Não,Não,Não,Não,Não,Não,Não,Não,Não,Sim,Não,Não,Não,Não,Não,Não,Não,Não,Sim,Não,54.0,28,Não,Não,35,35,87.0,100.0,Não,Não,18433,29287,0.0,0.0,0.0,0.000,0.000,13538,50368,0.0,0.4,0.4,0.000,0.010,41550,36985,53,0.227,9.765,300.0,1330.0,0.2,0.1,0.0,0.1,0.3,0.0,0.0,0.0,0.0,5.1,412,7622,412,Não,Não,Não,Não,Não,Não,Não,Não,12.561,28.238,93.0,9.170,24.9,1.2,31.0,0.6,0.6,0.6,0.6,1.2,30.5,0.6,0.6,0.6,0.6,824.14,1616.04,32.24,17.69,1632.20,1632.20,0.95,9.72,824.14,0.00,1507.23,52,4,0.1,0.0,0,
20.9.2026,12:14:34.456,5552,11539,32.4,5567,10501,34.6,3.9,1024,40,0.695,0.696,0.694,0.695,0.694,0.694,0.694,0.694,0.694,0.695,0.694,0.668,1037.5,1197.1,1197.1,997.6,997.6,997.6,997.6,997.6,997.6,997.6,997.6,99.8,598.5,1056.0,1181.3,1180.1,1187.1,1189.0,985.7,989.9,992.1,992.0,994.2,993.5,993.7,993.8,1087.1,100.0,100.0,100.0,100.0,100.0,100.0,100.0,100.0,100.0,100.0,100.0,100.0,100.0,100.0,100.0,100.0,105.7,93.3,93.3,93.4,93.4,111.8,111.8,111.8,111.8,111.9,111.9,111.9,111.9,105.7,10.4,12.0,12.0,10.0,10.0,10.0,10.0,10.0,10.0,10.0,10.0,6.0,54,57,56,54,56,54,54,53,53,54,53,46,43,44,46,44,46,46,47,47,46,47,57,57,Não,Não,Não,Não,Não,Não,Não,Não,Não,Não,Não,Não,Não,Não,Não,Não,Não,Não,Não,Não,Não,Não,Sim,Sim,Sim,Sim,Sim,Sim,Sim,Sim,Sim,Sim,Sim,Não,Não,Sim,56,56,52,0.000,0.000,0.000,0.000,0.000,0.000,0.000,1.200,7.188,9.786,4.990,0.001,21.137,3.467,0.845,0.138,30.0,10.0,39.0,25.5,0,0.0,0.0,0.0,0.0,98.7,98.3,98.2,98.8,98.9,98.2,98.6,98.8,98.8,99.0,98.9,98.9,99.0,0.0,0.0,0.0,0.0,0.0,0.0,0.0,0.0,0.0,0.0,0.0,0.0,0.0,0.0,0.0,0.0,0.0,0.0,0.0,0.0,0.0,0.0,0.0,0.0,0.0,1330.1,13.33,19,19,19,43,62,734,1,2,Sim,Não,Não,Não,Não,Não,Não,Não,Sim,Não,Não,Não,Não,Não,Não,Não,Não,Não,Não,Não,Não,Não,Não,Não,Não,Não,Não,Sim,Não,Não,Não,Não,Não,Não,Não,Não,Sim,Não,55.0,28,Não,Não,35,35,87.0,100.0,Não,Não,18433,29287,0.0,0.0,0.0,0.000,0.000,13538,50368,0.0,0.4,0.4,0.000,0.087,41550,36985,52,0.227,9.827,300.0,665.0,0.2,0.1,0.0,0.1,0.3,0.0,0.0,0.0,0.0,5.1,412,7622,412,Não,Não,Não,Não,Não,Não,Não,Não,12.560,28.238,93.0,9.156,24.9,1.3,32.5,0.7,0.7,0.7,0.7,1.3,31.8,0.7,0.7,0.7,0.7,757.46,1484.18,30.75,17.40,1499.01,1499.01,0.99,8.70,757.46,0.00,1307.67,52,4,0.2,0.0,0,
20.9.2026,12:14:36.459,5552,11540,32.4,5567,10501,34.6,3.9,1024,40,0.695,0.694,0.694,0.695,0.696,0.695,0.694,0.694,0.696,0.695,0.697,0.668,1037.5,1197.1,1197.1,997.6,997.6,997.6,997.6,997.6,997.6,997.6,997.6,99.8,598.5,1055.4,1180.2,1179.4,1187.6,1188.6,984.5,988.9,991.0,991.1,993.8,993.2,993.0,993.2,1086.4,100.0,100.0,100.0,100.0,100.0,100.0,100.0,100.0,100.0,100.0,100.0,100.0,100.0,100.0,100.0,100.0,105.6,93.3,93.3,93.3,93.3,111.7,111.7,111.7,111.7,111.8,111.8,111.8,111.8,105.6,10.4,12.0,12.0,10.0,10.0,10.0,10.0,10.0,10.0,10.0,10.0,6.0,54,56,56,54,54,54,54,53,55,53,53,46,44,44,46,46,46,46,47,45,47,47,56,56,Não,Não,Não,Não,Não,Não,Não,Não,Não,Não,Não,Não,Não,Não,Não,Não,Não,Não,Não,Não,Não,Não,Sim,Sim,Sim,Sim,Sim,Sim,Sim,Sim,Sim,Sim,Sim,Não,Não,Sim,57,57,52,0.000,0.000,0.000,0.000,0.000,0.000,0.000,1.200,7.500,9.814,5.003,0.001,21.184,3.482,0.848,0.137,30.0,10.0,39.0,25.5,0,0.0,0.0,0.0,0.0,98.7,98.3,98.2,98.9,98.9,98.1,98.6,98.8,98.8,99.0,99.0,98.9,99.0,0.0,0.0,0.0,0.0,0.0,0.0,0.0,0.0,0.0,0.0,0.0,0.0,0.0,0.0,0.0,0.0,0.0,0.0,0.0,0.0,0.0,0.0,0.0,0.0,0.0,1330.1,13.33,19,19,19,43,62,734,1,2,Sim,Não,Não,Não,Não,Não,Não,Não,Sim,Não,Não,Não,Não,Não,Não,Não,Não,Não,Não,Não,Não,Não,Não,Não,Não,Não,Não,Sim,Não,Não,Não,Não,Não,Não,Não,Não,Sim,Não,54.0,28,Não,Não,35,35,87.0,100.0,Não,Não,18433,29287,0.0,0.0,0.0,0.000,0.000,13538,50368,0.0,0.6,0.6,0.000,0.010,41550,36985,52,0.227,10.040,300.0,1330.0,0.3,0.2,0.0,0.1,0.3,0.0,0.0,0.0,0.0,5.1,412,7622,412,Não,Não,Não,Não,Não,Não,Não,Não,12.560,28.249,93.0,9.144,24.9,1.7,56.2,0.6,0.6,0.6,0.6,1.7,54.7,0.6,0.6,0.6,0.6,605.37,1667.49,17.79,16.27,1699.47,1699.47,0.91,2.19,605.37,0.00,1094.40,52,4,0.2,0.1,0,
20.9.2026,12:14:38.466,5553,11539,32.4,5568,10499,34.6,3.9,1024,40,0.695,0.696,0.695,0.694,0.695,0.694,0.696,0.695,0.694,0.695,0.695,0.668,1037.5,1197.1,1197.1,997.6,997.6,997.6,997.6,997.6,997.6,997.6,997.6,99.8,598.5,1054.0,1180.7,1179.3,1185.8,1187.6,983.0,986.9,989.5,989.7,991.8,991.4,990.8,991.7,1085.3,100.0,100.0,100.0,100.0,100.0,100.0,100.0,100.0,100.0,100.0,100.0,100.0,100.0,100.0,100.0,100.0,105.4,93.2,93.2,93.2,93.2,111.6,111.6,111.6,111.6,111.6,111.6,111.6,111.6,105.4,10.4,12.0,12.0,10.0,10.0,10.0,10.0,10.0,10.0,10.0,10.0,6.0,55,57,56,54,54,54,56,53,53,55,55,45,43,44,46,46,46,44,47,47,45,45,57,57,Não,Não,Não,Não,Não,Não,Não,Não,Não,Não,Não,Não,Não,Não,Não,Não,Não,Não,Não,Não,Não,Não,Sim,Sim,Sim,Sim,Sim,Sim,Sim,Sim,Sim,Sim,Sim,Não,Não,Sim,56,56,53,0.000,0.000,0.000,0.000,0.000,0.000,0.000,1.200,6.875,10.024,5.216,0.001,21.205,3.478,0.849,0.133,30.0,10.0,39.0,25.5,0,0.0,0.0,0.0,0.0,98.7,98.4,98.3,98.8,99.0,98.1,98.5,98.8,98.8,99.0,99.0,98.9,99.0,0.0,0.0,0.0,0.0,0.0,0.0,0.0,0.0,0.0,0.0,0.0,0.0,0.0,0.0,0.0,0.0,0.0,0.0,0.0,0.0,0.0,0.0,0.0,0.0,0.0,1330.1,13.33,19,19,19,43,62,734,1,2,Sim,Não,Não,Não,Não,Não,Não,Não,Sim,Não,Não,Não,Não,Não,Não,Não,Não,Não,Não,Não,Não,Não,Não,Não,Não,Não,Não,Sim,Não,Não,Não,Não,Não,Não,Não,Não,Sim,Não,54.0,28,Não,Não,35,35,87.0,100.0,Não,Não,18433,29287,0.0,0.0,0.0,0.000,0.000,13538,50368,0.0,2.4,2.4,0.000,0.020,41550,36985,52,0.227,9.671,300.0,1330.0,0.2,0.1,0.0,0.0,0.2,0.0,0.0,0.0,0.0,5.1,412,7622,412,Não,Não,Não,Não,Não,Não,Não,Não,12.560,28.249,93.0,9.131,24.9,1.1,28.7,0.5,0.5,0.5,0.5,1.1,28.4,0.5,0.5,0.5,0.5,949.03,1863.19,34.87,18.08,1881.85,1881.85,0.97,9.71,949.03,0.00,1865.40,52,4,0.1,0.0,0,
20.9.2026,12:14:40.451,5553,11539,32.4,5567,10501,34.6,3.9,1024,40,0.695,0.695,0.694,0.696,0.695,0.695,0.695,0.696,0.695,0.696,0.695,0.668,1037.5,1197.1,1197.1,997.6,997.6,997.6,997.6,997.6,997.6,997.6,997.6,99.8,598.5,1050.5,1176.3,1174.9,1182.0,1183.5,979.7,984.2,985.9,986.6,988.6,988.0,988.0,988.0,1081.6,100.0,100.0,100.0,100.0,100.0,100.0,100.0,100.0,100.0,100.0,100.0,100.0,100.0,100.0,100.0,100.0,105.1,92.9,92.9,92.9,92.9,111.2,111.2,111.2,111.2,111.2,111.2,111.2,111.2,105.1,10.4,12.0,12.0,10.0,10.0,10.0,10.0,10.0,10.0,10.0,10.0,6.0,55,57,55,56,56,54,54,53,55,55,54,45,43,45,44,44,46,46,47,45,45,46,57,57,Não,Não,Não,Não,Não,Não,Não,Não,Não,Não,Não,Não,Não,Não,Não,Não,Não,Não,Não,Não,Não,Não,Sim,Sim,Sim,Sim,Sim,Sim,Sim,Sim,Sim,Sim,Sim,Não,Não,Sim,56,56,53,0.000,0.000,0.000,0.000,0.000,0.000,0.000,1.200,7.500,9.708,4.901,0.000,21.270,3.488,0.842,0.133,30.0,10.0,39.0,25.5,0,0.0,0.0,0.0,0.0,98.7,98.3,98.2,98.8,98.9,98.1,98.6,98.7,98.8,99.0,98.9,98.9,98.9,0.0,0.0,0.0,0.0,0.0,0.0,0.0,0.0,0.0,0.0,0.0,0.0,0.0,0.0,0.0,0.0,0.0,0.0,0.0,0.0,0.0,0.0,0.0,0.0,0.0,1330.1,13.33,19,19,19,43,62,734,1,2,Sim,Não,Não,Não,Não,Não,Não,Não,Sim,Não,Não,Não,Não,Não,Não,Não,Não,Não,Não,Não,Não,Não,Não,Não,Não,Não,Não,Sim,Não,Não,Não,Não,Não,Não,Não,Não,Sim,Não,55.0,28,Não,Não,35,35,87.0,100.0,Não,Não,18433,29287,0.0,0.0,0.0,0.000,0.000,13538,50368,0.0,2.6,2.6,0.000,0.080,41550,36985,52,0.227,9.902,300.0,1330.0,0.3,0.2,0.0,0.1,0.3,0.0,0.0,0.0,0.0,5.1,412,7622,412,Não,Não,Não,Não,Não,Não,Não,Não,12.560,28.249,93.0,9.144,24.9,1.7,56.7,0.6,0.6,0.6,0.6,1.7,54.6,0.6,0.6,0.6,0.6,605.38,1667.77,17.64,16.12,1699.75,1699.75,0.98,5.21,605.38,0.00,1100.29,52,4,0.0,0.0,0,
20.9.2026,12:14:42.449,5550,11542,32.4,5563,10505,34.6,3.9,1024,40,0.696,0.694,0.695,0.694,0.694,0.695,0.697,0.699,0.697,0.696,0.695,0.668,1037.5,1197.1,1197.1,997.6,997.6,997.6,997.6,997.6,997.6,997.6,997.6,99.8,598.5,1053.4,1178.0,1177.5,1184.7,1186.1,982.8,987.3,989.3,989.7,991.8,991.5,991.4,991.4,1084.4,100.0,100.0,100.0,100.0,100.0,100.0,100.0,100.0,100.0,100.0,100.0,100.0,100.0,100.0,100.0,100.0,105.4,93.2,93.2,93.2,93.2,111.5,111.5,111.5,111.5,111.6,111.6,111.6,111.6,105.4,10.4,12.0,12.0,10.0,10.0,10.0,10.0,10.0,10.0,10.0,10.0,6.0,54,56,55,54,54,56,54,53,53,54,53,46,44,45,46,46,44,46,47,47,46,47,56,56,Não,Não,Não,Não,Não,Não,Não,Não,Não,Não,Não,Não,Não,Não,Não,Não,Não,Não,Não,Não,Não,Não,Sim,Sim,Sim,Sim,Sim,Sim,Sim,Sim,Sim,Sim,Sim,Não,Não,Sim,56,56,53,0.000,0.000,0.000,0.000,0.000,0.000,0.000,1.200,7.188,9.915,5.110,0.001,21.281,3.490,0.843,0.126,30.0,10.0,39.0,25.5,0,0.0,0.0,0.0,0.0,98.7,98.2,98.2,98.8,98.9,98.1,98.6,98.8,98.8,99.0,98.9,98.9,98.9,0.0,0.0,0.0,0.0,0.0,0.0,0.0,0.0,0.0,0.0,0.0,0.0,0.0,0.0,0.0,0.0,0.0,0.0,0.0,0.0,0.0,0.0,0.0,0.0,0.0,1330.1,13.33,19,19,19,43,62,734,1,2,Sim,Não,Não,Não,Não,Não,Não,Não,Sim,Não,Não,Não,Não,Não,Não,Não,Não,Não,Não,Não,Não,Não,Não,Não,Não,Não,Não,Sim,Não,Não,Não,Não,Não,Não,Não,Não,Sim,Não,55.0,28,Não,Não,35,35,87.0,100.0,Não,Não,18433,29287,0.0,0.0,0.0,0.000,0.000,13538,50368,0.0,1.4,1.4,0.000,0.232,41550,36986,52,0.227,10.252,300.0,1330.0,0.2,0.1,0.0,0.1,0.3,0.0,0.0,0.0,0.0,5.1,412,7622,412,Não,Não,Não,Não,Não,Não,Não,Não,12.560,28.260,93.0,9.119,24.9,1.5,56.4,0.6,0.5,0.5,0.5,1.5,54.6,0.6,0.5,0.5,0.5,655.05,1813.83,17.72,16.20,1848.80,1848.80,0.94,2.13,655.05,0.00,1249.39,52,4,0.0,0.0,0,
20.9.2026,12:14:44.455,5549,11543,32.4,5560,10508,34.6,3.9,1024,40,0.695,0.694,0.695,0.696,0.694,0.695,0.694,0.695,0.696,0.696,0.695,0.668,1037.5,1197.1,1197.1,997.6,997.6,997.6,997.6,997.6,997.6,997.6,997.6,99.8,598.5,1051.4,1177.0,1176.2,1183.0,1183.8,980.9,984.6,987.1,987.1,989.3,989.3,989.2,989.4,1082.5,100.0,100.0,100.0,100.0,100.0,100.0,100.0,100.0,100.0,100.0,100.0,100.0,100.0,100.0,100.0,100.0,105.2,93.0,93.0,93.0,93.0,111.3,111.3,111.3,111.3,111.3,111.3,111.3,111.3,105.2,10.4,12.0,12.0,10.0,10.0,10.0,10.0,10.0,10.0,10.0,10.0,6.0,55,56,55,56,54,54,56,55,55,55,55,45,44,45,44,46,46,44,45,45,45,45,56,56,Não,Não,Não,Não,Não,Não,Não,Não,Não,Não,Não,Não,Não,Não,Não,Não,Não,Não,Não,Não,Não,Não,Sim,Sim,Sim,Sim,Sim,Sim,Sim,Sim,Sim,Sim,Sim,Não,Não,Sim,56,56,53,0.000,0.000,0.000,0.000,0.000,0.000,0.000,1.200,8.438,10.163,5.337,0.001,21.140,3.496,0.848,0.137,30.0,10.0,39.0,25.5,0,0.0,0.0,0.0,0.0,98.7,98.3,98.3,98.9,98.9,98.2,98.5,98.8,98.8,99.0,99.0,98.9,99.0,0.0,0.0,0.0,0.0,0.0,0.0,0.0,0.0,0.0,0.0,0.0,0.0,0.0,0.0,0.0,0.0,0.0,0.0,0.0,0.0,0.0,0.0,0.0,0.0,0.0,1330.1,13.33,19,19,19,43,62,734,1,2,Sim,Não,Não,Não,Não,Não,Não,Não,Sim,Não,Não,Não,Não,Não,Não,Não,Não,Não,Não,Não,Não,Não,Não,Não,Não,Não,Não,Sim,Não,Não,Não,Não,Não,Não,Não,Não,Sim,Não,55.0,28,Não,Não,35,35,87.0,100.0,Não,Não,18433,29287,0.0,0.0,0.0,0.000,0.000,13538,50368,0.0,1.4,1.4,0.000,0.038,41550,36986,52,0.227,10.010,300.0,1330.0,0.2,0.1,0.0,0.0,0.2,0.0,0.0,0.0,0.0,5.1,412,7622,412,Não,Não,Não,Não,Não,Não,Não,Não,12.561,28.260,93.0,9.107,24.9,1.1,28.8,0.5,0.5,0.5,0.5,1.1,28.4,0.5,0.5,0.5,0.5,940.68,1846.67,34.68,18.04,1865.16,1865.16,0.96,6.58,940.68,0.00,1848.40,52,4,0.2,0.0,0,
20.9.2026,12:14:46.462,5544,11548,32.4,5556,10511,34.5,3.9,1024,40,0.695,0.694,0.695,0.696,0.695,0.694,0.694,0.696,0.695,0.696,0.695,0.668,1037.5,1197.1,1197.1,997.6,997.6,997.6,997.6,997.6,997.6,997.6,997.6,99.8,598.5,1051.1,1175.6,1175.7,1183.1,1184.0,980.1,985.1,987.5,987.2,989.2,988.6,987.8,988.9,1082.3,100.0,100.0,100.0,100.0,100.0,100.0,100.0,100.0,100.0,100.0,100.0,100.0,100.0,100.0,100.0,100.0,105.2,93.0,93.0,93.0,93.0,111.3,111.3,111.3,111.3,111.3,111.3,111.3,111.3,105.2,10.4,12.0,12.0,10.0,10.0,10.0,10.0,10.0,10.0,10.0,10.0,6.0,54,57,55,54,54,54,56,53,55,53,53,46,43,45,46,46,46,44,47,45,47,47,57,57,Não,Não,Não,Não,Não,Não,Não,Não,Não,Não,Não,Não,Não,Não,Não,Não,Não,Não,Não,Não,Não,Não,Sim,Sim,Sim,Sim,Sim,Sim,Sim,Sim,Sim,Sim,Sim,Não,Não,Sim,57,57,53,0.000,0.000,0.000,0.000,0.000,0.000,0.000,1.200,7.500,10.048,5.230,0.001,21.155,3.488,0.845,0.140,30.0,10.0,39.0,25.5,0,0.0,0.0,0.0,0.0,98.7,98.2,98.2,98.8,98.9,98.1,98.6,98.8,98.8,99.0,98.9,98.9,99.0,0.0,0.0,0.0,0.0,0.0,0.0,0.0,0.0,0.0,0.0,0.0,0.0,0.0,0.0,0.0,0.0,0.0,0.0,0.0,0.0,0.0,0.0,0.0,0.0,0.0,1330.1,13.33,19,19,19,43,62,734,1,2,Sim,Não,Não,Não,Não,Não,Não,Não,Sim,Não,Não,Não,Não,Não,Não,Não,Não,Não,Não,Não,Não,Não,Não,Não,Não,Não,Não,Sim,Não,Não,Não,Não,Não,Não,Não,Não,Sim,Não,56.0,28,Não,Não,35,35,87.0,100.0,Não,Não,18433,29287,0.0,0.0,0.0,0.000,0.000,13538,50368,0.0,1.2,1.2,0.000,0.016,41550,36986,53,0.227,10.039,300.0,1330.0,0.2,0.1,0.0,0.1,0.3,0.0,0.0,0.0,0.0,5.1,412,7622,412,Não,Não,Não,Não,Não,Não,Não,Não,12.561,28.271,93.1,9.094,24.9,1.2,31.9,0.6,0.6,0.6,0.6,1.2,30.2,0.6,0.6,0.6,0.6,840.85,1650.33,31.37,16.50,1666.85,1666.85,0.99,11.06,840.85,0.00,1558.46,52,4,0.2,0.0,0,
20.9.2026,12:14:48.465,5544,11547,32.4,5556,10511,34.5,3.9,1024,40,0.695,0.694,0.695,0.695,0.696,0.694,0.695,0.695,0.695,0.698,0.694,0.668,1037.5,1197.1,1197.1,997.6,997.6,997.6,997.6,997.6,997.6,997.6,997.6,99.8,598.5,1051.1,1176.5,1175.2,1183.9,1184.5,980.7,984.4,986.4,986.3,988.9,988.6,988.5,988.7,1082.2,100.0,100.0,100.0,100.0,100.0,100.0,100.0,100.0,100.0,100.0,100.0,100.0,100.0,100.0,100.0,100.0,105.2,93.0,93.0,93.0,93.0,111.3,111.3,111.3,111.3,111.3,111.3,111.3,111.3,105.2,10.4,12.0,12.0,10.0,10.0,10.0,10.0,10.0,10.0,10.0,10.0,6.0,54,57,55,54,56,54,54,53,53,53,55,46,43,45,46,44,46,46,47,47,47,45,57,57,Não,Não,Não,Não,Não,Não,Não,Não,Não,Não,Não,Não,Não,Não,Não,Não,Não,Não,Não,Não,Não,Não,Sim,Sim,Sim,Sim,Sim,Sim,Sim,Sim,Sim,Sim,Sim,Não,Não,Sim,56,56,52,0.000,0.000,0.000,0.000,0.000,0.000,0.000,1.200,7.500,10.095,5.247,0.001,21.206,3.512,0.844,0.145,30.0,10.0,39.0,25.5,0,0.0,0.0,0.0,0.0,98.7,98.3,98.2,98.9,98.9,98.2,98.5,98.7,98.7,99.0,98.9,98.9,99.0,0.0,0.0,0.0,0.0,0.0,0.0,0.0,0.0,0.0,0.0,0.0,0.0,0.0,0.0,0.0,0.0,0.0,0.0,0.0,0.0,0.0,0.0,0.0,0.0,0.0,1330.1,13.33,19,19,19,43,62,734,1,2,Sim,Não,Não,Não,Não,Não,Não,Não,Sim,Não,Não,Não,Não,Não,Não,Não,Não,Não,Não,Não,Não,Não,Não,Não,Não,Não,Não,Sim,Não,Não,Não,Não,Não,Não,Não,Não,Sim,Não,55.0,28,Não,Não,35,35,87.0,100.0,Não,Não,18433,29287,0.0,0.0,0.0,0.000,0.000,13538,50368,0.0,2.1,2.1,0.000,0.039,41550,36986,52,0.227,9.666,300.0,1330.0,0.3,0.2,0.0,0.1,0.3,0.0,0.0,0.0,0.0,5.1,412,7622,412,Não,Não,Não,Não,Não,Não,Não,Não,12.560,28.271,93.1,9.068,24.9,1.7,56.3,0.6,0.6,0.6,0.6,1.7,54.5,0.6,0.6,0.6,0.6,577.48,1585.28,17.75,16.23,1615.57,1615.57,0.96,4.87,577.48,0.00,1005.16,52,4,0.3,0.0,0,
20.9.2026,12:14:50.483,5543,11549,32.4,5556,10511,34.5,3.9,1024,40,0.695,0.697,0.695,0.695,0.694,0.695,0.694,0.694,0.695,0.696,0.694,0.668,1037.5,1197.1,1197.1,997.6,997.6,997.6,997.6,997.6,997.6,997.6,997.6,99.8,598.5,1049.7,1175.4,1174.1,1181.3,1183.0,977.6,983.2,985.2,985.6,987.7,987.7,987.8,987.7,1080.7,100.0,100.0,100.0,100.0,100.0,100.0,100.0,100.0,100.0,100.0,100.0,100.0,100.0,100.0,100.0,100.0,105.1,92.9,92.9,92.9,92.9,111.2,111.2,111.2,111.2,111.2,111.2,111.2,111.2,105.1,10.4,12.0,12.0,10.0,10.0,10.0,10.0,10.0,10.0,10.0,10.0,6.0,54,56,55,54,55,54,54,55,53,53,53,46,44,45,46,45,46,46,45,47,47,47,56,56,Não,Não,Não,Não,Não,Não,Não,Não,Não,Não,Não,Não,Não,Não,Não,Não,Não,Não,Não,Não,Não,Não,Sim,Sim,Sim,Sim,Sim,Sim,Sim,Sim,Sim,Sim,Sim,Não,Não,Sim,56,56,52,0.000,0.000,0.000,0.000,0.000,0.000,0.000,1.200,7.813,9.616,4.779,0.001,21.282,3.520,0.844,0.141,30.0,10.0,39.0,25.5,0,0.0,0.0,0.0,0.0,98.7,98.3,98.2,98.8,98.9,97.9,98.5,98.7,98.7,98.9,99.0,99.0,99.0,0.0,0.0,0.0,0.0,0.0,0.0,0.0,0.0,0.0,0.0,0.0,0.0,0.0,0.0,0.0,0.0,0.0,0.0,0.0,0.0,0.0,0.0,0.0,0.0,0.0,1330.1,13.33,19,19,19,43,62,734,1,2,Sim,Não,Não,Não,Não,Não,Não,Não,Sim,Não,Não,Não,Não,Não,Não,Não,Não,Não,Não,Não,Não,Não,Não,Não,Não,Não,Não,Sim,Não,Não,Não,Não,Não,Não,Não,Não,Sim,Não,55.0,28,Não,Não,35,35,87.0,100.0,Não,Não,18433,29287,0.0,0.0,0.0,0.000,0.000,13538,50368,0.6,0.6,1.2,0.088,0.175,41550,36986,52,0.232,10.263,300.0,1330.0,0.2,0.1,0.0,0.0,0.2,0.0,0.0,0.0,0.0,5.1,412,7622,412,Não,Não,Não,Não,Não,Não,Não,Não,12.560,28.283,93.1,9.068,24.9,1.1,29.2,0.5,0.5,0.5,0.5,1.1,28.4,0.5,0.5,0.5,0.5,940.64,1847.00,34.29,17.64,1865.49,1865.49,1.01,5.45,940.64,0.00,1848.86,52,4,0.1,0.0,0,
20.9.2026,12:14:52.481,5542,11549,32.4,5557,10510,34.5,3.9,1024,40,0.695,0.695,0.695,0.694,0.694,0.695,0.696,0.695,0.695,0.694,0.695,0.668,1037.5,1197.1,1197.1,997.6,997.6,997.6,997.6,997.6,997.6,997.6,997.6,99.8,598.5,1049.4,1175.0,1173.5,1182.0,1182.9,979.2,982.5,985.0,985.3,987.2,986.9,987.1,986.5,1080.7,100.0,100.0,100.0,100.0,100.0,100.0,100.0,100.0,100.0,100.0,100.0,100.0,100.0,100.0,100.0,100.0,105.0,92.8,92.8,92.9,92.9,111.1,111.1,111.1,111.1,111.1,111.1,111.1,111.1,105.0,10.4,12.0,12.0,10.0,10.0,10.0,10.0,10.0,10.0,10.0,10.0,6.0,54,57,55,56,54,56,54,53,53,53,53,46,43,45,44,46,44,46,47,47,47,47,57,57,Não,Não,Não,Não,Não,Não,Não,Não,Não,Não,Não,Não,Não,Não,Não,Não,Não,Não,Não,Não,Não,Não,Sim,Sim,Sim,Sim,Sim,Sim,Sim,Sim,Sim,Sim,Sim,Não,Não,Sim,56,56,52,0.000,0.000,0.000,0.000,0.000,0.000,0.000,1.200,7.500,10.274,5.429,0.001,21.231,3.522,0.845,0.144,30.0,10.0,39.0,25.5,0,0.0,0.0,0.0,0.0,98.7,98.3,98.2,98.9,98.9,98.2,98.5,98.7,98.8,99.0,98.9,98.9,98.9,0.0,0.0,0.0,0.0,0.0,0.0,0.0,0.0,0.0,0.0,0.0,0.0,0.0,0.0,0.0,0.0,0.0,0.0,0.0,0.0,0.0,0.0,0.0,0.0,0.0,1330.1,13.33,19,19,19,43,62,734,1,2,Sim,Não,Não,Não,Não,Não,Não,Não,Sim,Não,Não,Não,Não,Não,Não,Não,Não,Não,Não,Não,Não,Não,Não,Não,Não,Não,Não,Sim,Não,Não,Não,Não,Não,Não,Não,Não,Sim,Não,55.0,28,Não,Não,35,35,87.0,100.0,Não,Não,18433,29287,0.0,0.0,0.0,0.000,0.000,13538,50368,1.0,0.2,1.2,0.115,0.008,41550,36986,52,0.227,9.917,300.0,1330.0,0.2,0.1,0.0,0.1,0.3,0.0,0.0,0.0,0.0,5.1,412,7622,412,Não,Não,Não,Não,Não,Não,Não,Não,12.561,28.283,93.1,9.069,24.9,1.8,53.9,0.7,0.7,0.7,0.7,1.8,52.7,0.7,0.7,0.7,0.7,544.39,1455.62,18.56,16.43,1482.59,1482.59,0.97,2.75,544.39,0.00,894.26,52,4,0.2,0.1,0,
20.9.2026,12:14:54.474,5542,11550,32.4,5557,10510,34.5,3.9,1024,40,0.695,0.698,0.694,0.695,0.695,0.694,0.693,0.695,0.696,0.694,0.696,0.668,1037.5,1197.1,1197.1,997.6,997.6,997.6,997.6,997.6,997.6,997.6,997.6,99.8,598.5,1047.8,1174.2,1173.5,1180.6,1181.3,977.3,980.8,983.0,983.1,985.4,984.0,985.0,985.2,1079.2,100.0,100.0,100.0,100.0,100.0,100.0,100.0,100.0,100.0,100.0,100.0,100.0,100.0,100.0,100.0,100.0,104.8,92.8,92.8,92.8,92.8,110.9,110.9,110.9,110.9,110.9,110.9,110.9,110.9,104.8,10.4,12.0,12.0,10.0,10.0,10.0,10.0,10.0,10.0,10.0,10.0,6.0,55,56,56,56,54,54,56,55,53,55,55,45,44,44,44,46,46,44,45,47,45,45,56,56,Não,Não,Não,Não,Não,Não,Não,Não,Não,Não,Não,Não,Não,Não,Não,Não,Não,Não,Não,Não,Não,Não,Sim,Sim,Sim,Sim,Sim,Sim,Sim,Sim,Sim,Sim,Sim,Não,Não,Sim,56,56,51,0.000,0.000,0.000,0.000,0.000,0.000,0.000,1.200,7.813,9.911,5.008,0.001,21.285,3.547,0.845,0.149,30.0,10.0,39.0,25.5,0,0.0,0.0,0.0,0.0,98.7,98.3,98.2,98.8,98.9,98.2,98.5,98.8,98.8,99.0,98.9,99.0,99.0,0.0,0.0,0.0,0.0,0.0,0.0,0.0,0.0,0.0,0.0,0.0,0.0,0.0,0.0,0.0,0.0,0.0,0.0,0.0,0.0,0.0,0.0,0.0,0.0,0.0,1330.1,13.33,19,19,19,43,62,734,1,2,Sim,Não,Não,Não,Não,Não,Não,Não,Sim,Não,Não,Não,Não,Não,Não,Não,Não,Não,Não,Não,Não,Não,Não,Não,Não,Não,Não,Sim,Não,Não,Não,Não,Não,Não,Não,Não,Sim,Não,54.0,28,Não,Não,35,35,87.0,100.0,Não,Não,18433,29287,0.0,0.0,0.0,0.000,0.000,13538,50368,0.0,0.9,0.9,0.000,0.080,41550,36987,51,0.227,10.156,300.0,1330.0,0.3,0.2,0.0,0.1,0.3,0.0,0.0,0.0,0.0,5.1,412,7622,412,Não,Não,Não,Não,Não,Não,Não,Não,12.562,28.283,93.1,9.057,24.9,1.6,56.4,0.6,0.6,0.6,0.6,1.6,54.6,0.6,0.6,0.6,0.6,616.45,1699.77,17.72,16.19,1732.40,1732.40,0.96,2.74,616.45,0.00,1138.75,52,4,0.2,0.1,0,
20.9.2026,12:14:56.477,5543,11548,32.4,5559,10509,34.5,3.9,1024,40,0.695,0.694,0.694,0.696,0.695,0.694,0.694,0.695,0.696,0.696,0.694,0.863,1037.5,1197.1,1197.1,997.6,997.6,997.6,997.6,997.6,997.6,997.6,997.6,99.8,598.5,1054.8,1181.0,1180.0,1186.9,1188.0,983.2,987.6,989.6,989.7,993.4,993.0,992.7,992.9,1085.7,100.0,100.0,100.0,100.0,100.0,100.0,100.0,100.0,100.0,100.0,100.0,100.0,100.0,100.0,100.0,100.0,105.6,93.3,93.3,93.3,93.3,111.7,111.7,111.7,111.7,111.7,111.7,111.7,111.7,105.6,10.4,12.0,12.0,10.0,10.0,10.0,10.0,10.0,10.0,10.0,10.0,6.0,54,56,56,54,54,56,56,53,53,53,53,46,44,44,46,46,44,44,47,47,47,47,56,56,Não,Não,Não,Não,Não,Não,Não,Não,Não,Não,Não,Não,Não,Não,Não,Não,Não,Não,Não,Não,Não,Não,Sim,Sim,Sim,Sim,Sim,Sim,Sim,Sim,Sim,Sim,Sim,Não,Não,Sim,57,57,52,0.000,0.000,0.000,0.000,0.000,0.000,0.000,1.200,7.500,10.172,5.351,0.001,21.150,3.489,0.842,0.136,30.0,10.0,39.0,25.5,0,0.0,0.0,0.0,0.0,98.7,98.4,98.3,98.8,98.9,98.0,98.5,98.7,98.7,99.0,99.0,98.9,99.0,0.0,0.0,0.0,0.0,0.0,0.0,0.0,0.0,0.0,0.0,0.0,0.0,0.0,0.0,0.0,0.0,0.0,0.0,0.0,0.0,0.0,0.0,0.0,0.0,0.0,1330.1,13.33,19,19,19,43,62,734,1,2,Sim,Não,Não,Não,Não,Não,Não,Não,Sim,Não,Não,Não,Não,Não,Não,Não,Não,Não,Não,Não,Não,Não,Não,Não,Não,Não,Não,Sim,Não,Não,Não,Não,Não,Não,Não,Não,Sim,Não,55.0,28,Não,Não,35,35,87.0,100.0,Não,Não,18433,29287,0.0,0.0,0.0,0.000,0.000,13538,50368,0.0,0.4,0.4,0.000,0.008,41550,36987,52,0.227,9.817,300.0,1330.0,0.2,0.1,0.0,0.0,0.2,0.0,0.0,0.0,0.0,5.1,412,7622,412,Não,Não,Não,Não,Não,Não,Não,Não,12.560,28.294,93.1,9.043,24.9,1.1,28.9,0.5,0.5,0.5,0.5,1.1,28.5,0.5,0.5,0.5,0.5,940.73,1846.86,34.60,17.96,1865.35,1865.35,0.98,7.91,940.73,0.00,1848.80,52,4,0.4,0.0,0,
20.9.2026,12:14:58.477,5544,11548,32.4,5559,10509,34.5,3.9,1024,40,0.695,0.696,0.694,0.694,0.694,0.695,0.695,0.694,0.695,0.695,0.696,0.863,1037.5,1197.1,1197.1,997.6,997.6,997.6,997.6,997.6,997.6,997.6,997.6,99.8,598.5,1054.1,1178.9,1178.4,1186.0,1186.8,983.0,988.2,990.0,990.3,992.1,991.8,991.4,991.8,1085.2,100.0,100.0,100.0,100.0,100.0,100.0,100.0,100.0,100.0,100.0,100.0,100.0,100.0,100.0,100.0,100.0,105.5,93.2,93.2,93.2,93.2,111.6,111.6,111.6,111.6,111.6,111.6,111.6,111.6,105.5,10.4,12.0,12.0,10.0,10.0,10.0,10.0,10.0,10.0,10.0,10.0,6.0,54,56,56,54,54,54,54,53,55,55,53,46,44,44,46,46,46,46,47,45,45,47,56,56,Não,Não,Não,Não,Não,Não,Não,Não,Não,Não,Não,Não,Não,Não,Não,Não,Não,Não,Não,Não,Não,Não,Sim,Sim,Sim,Sim,Sim,Sim,Sim,Sim,Sim,Sim,Sim,Não,Não,Sim,57,57,50,0.000,0.000,0.000,0.000,0.000,0.000,0.000,1.200,7.500,9.841,5.056,0.000,21.138,3.453,0.849,0.137,30.0,10.0,39.0,25.5,0,0.0,0.0,0.0,0.0,98.7,98.3,98.2,98.8,98.9,98.1,98.6,98.8,98.8,99.0,99.0,98.9,99.0,0.0,0.0,0.0,0.0,0.0,0.0,0.0,0.0,0.0,0.0,0.0,0.0,0.0,0.0,0.0,0.0,0.0,0.0,0.0,0.0,0.0,0.0,0.0,0.0,0.0,1330.1,13.33,19,19,19,43,62,734,1,2,Sim,Não,Não,Não,Não,Não,Não,Não,Sim,Não,Não,Não,Não,Não,Não,Não,Não,Não,Não,Não,Não,Não,Não,Não,Não,Não,Não,Sim,Não,Não,Não,Não,Não,Não,Não,Não,Sim,Não,55.0,28,Não,Não,35,35,87.0,100.0,Não,Não,18433,29287,0.0,0.0,0.0,0.000,0.000,13538,50368,0.0,1.5,1.5,0.000,0.092,41550,36987,52,0.227,9.755,300.0,1330.0,0.3,0.1,0.0,0.1,0.3,0.0,0.0,0.0,0.0,5.1,412,7622,412,Não,Não,Não,Não,Não,Não,Não,Não,12.561,28.294,93.1,9.031,24.9,1.2,30.9,0.6,0.6,0.6,0.6,1.2,30.3,0.6,0.6,0.6,0.6,832.87,1633.41,32.32,17.62,1649.75,1649.75,0.95,5.47,832.87,0.00,1533.25,52,4,0.1,0.0,0,
20.9.2026,12:15:0.494,5543,11549,32.4,5559,10509,34.5,3.9,1024,40,0.695,0.695,0.695,0.695,0.695,0.695,0.694,0.695,0.695,0.695,0.697,0.863,1037.5,1197.1,1197.1,997.6,997.6,997.6,997.6,997.6,997.6,997.6,997.6,99.8,598.5,1055.3,1181.1,1180.4,1188.0,1188.6,984.4,988.5,990.7,990.5,993.1,992.7,992.6,993.1,1086.5,100.0,100.0,100.0,100.0,100.0,100.0,100.0,100.0,100.0,100.0,100.0,100.0,100.0,100.0,100.0,100.0,105.6,93.3,93.3,93.3,93.3,111.7,111.7,111.7,111.7,111.8,111.8,111.8,111.8,105.6,10.4,12.0,12.0,10.0,10.0,10.0,10.0,10.0,10.0,10.0,10.0,6.0,54,56,56,56,54,54,54,54,53,55,53,46,44,44,44,46,46,46,46,47,45,47,56,56,Não,Não,Não,Não,Não,Não,Não,Não,Não,Não,Não,Não,Não,Não,Não,Não,Não,Não,Não,Não,Não,Não,Sim,Sim,Sim,Sim,Sim,Sim,Sim,Sim,Sim,Sim,Sim,Não,Não,Sim,55,55,52,0.000,0.000,0.000,0.000,0.000,0.000,0.000,1.200,7.813,9.664,4.857,0.001,21.216,3.476,0.847,0.139,30.0,10.0,39.0,25.5,0,0.0,0.0,0.0,0.0,98.7,98.3,98.3,98.9,98.9,98.1,98.5,98.7,98.7,99.0,98.9,98.9,99.0,0.0,0.0,0.0,0.0,0.0,0.0,0.0,0.0,0.0,0.0,0.0,0.0,0.0,0.0,0.0,0.0,0.0,0.0,0.0,0.0,0.0,0.0,0.0,0.0,0.0,1330.1,13.33,19,19,19,43,62,734,1,2,Sim,Não,Não,Não,Não,Não,Não,Não,Sim,Não,Não,Não,Não,Não,Não,Não,Não,Não,Não,Não,Não,Não,Não,Não,Não,Não,Não,Sim,Não,Não,Não,Não,Não,Não,Não,Não,Sim,Não,55.0,28,Não,Não,35,35,87.0,100.0,Não,Não,18433,29287,0.0,0.0,0.0,0.000,0.000,13538,50368,0.0,1.0,1.0,0.000,0.055,41550,36987,50,0.227,9.976,300.0,1330.0,0.1,0.1,0.0,0.0,0.2,0.0,0.0,0.0,0.0,5.1,412,7622,412,Não,Não,Não,Não,Não,Não,Não,Não,12.561,28.294,93.1,9.019,24.9,0.5,0.5,0.5,0.5,0.5,0.5,0.5,0.5,0.5,0.5,0.5,0.5,1863.71,1863.71,1863.71,1863.71,1863.71,1863.71,0.91,0.00,1863.71,0.00,1730.08,52,4,0.1,0.0,0,
20.9.2026,12:15:2.507,5545,11547,32.4,5561,10507,34.6,3.9,1024,40,0.695,0.694,0.694,0.694,0.695,0.694,0.696,0.697,0.695,0.697,0.695,0.668,1037.5,1197.1,1197.1,997.6,997.6,997.6,997.6,997.6,997.6,997.6,997.6,99.8,598.5,1053.7,1179.7,1178.6,1185.3,1186.1,983.5,987.5,988.9,989.6,991.8,991.2,991.4,991.3,1084.9,100.0,100.0,100.0,100.0,100.0,100.0,100.0,100.0,100.0,100.0,100.0,100.0,100.0,100.0,100.0,100.0,105.5,93.2,93.2,93.2,93.2,111.6,111.6,111.6,111.6,111.6,111.6,111.6,111.6,105.5,10.4,12.0,12.0,10.0,10.0,10.0,10.0,10.0,10.0,10.0,10.0,6.0,55,57,56,54,54,56,54,53,53,54,55,45,43,44,46,46,44,46,47,47,46,45,57,57,Não,Não,Não,Não,Não,Não,Não,Não,Não,Não,Não,Não,Não,Não,Não,Não,Não,Não,Não,Não,Não,Não,Sim,Sim,Sim,Sim,Sim,Sim,Sim,Sim,Sim,Sim,Sim,Não,Não,Sim,56,56,52,0.000,0.000,0.000,0.000,0.000,0.000,0.000,1.200,7.813,10.018,5.219,0.001,21.237,3.469,0.845,0.138,30.0,10.0,39.0,25.5,0,0.0,0.0,0.0,0.0,98.7,98.3,98.2,98.8,98.9,98.1,98.6,98.7,98.8,99.0,98.9,98.9,98.9,0.0,0.0,0.0,0.0,0.0,0.0,0.0,0.0,0.0,0.0,0.0,0.0,0.0,0.0,0.0,0.0,0.0,0.0,0.0,0.0,0.0,0.0,0.0,0.0,0.0,1330.1,13.33,19,19,19,43,62,734,1,2,Sim,Não,Não,Não,Não,Não,Não,Não,Sim,Não,Não,Não,Não,Não,Não,Não,Não,Não,Não,Não,Não,Não,Não,Não,Não,Não,Não,Sim,Não,Não,Não,Não,Não,Não,Não,Não,Sim,Não,54.0,28,Não,Não,35,35,87.0,100.0,Não,Não,18433,29287,0.0,0.0,0.0,0.000,0.000,13538,50368,0.2,1.1,1.2,0.008,0.042,41550,36987,52,0.227,10.078,300.0,1330.0,0.3,0.2,0.0,0.1,0.4,0.0,0.0,0.0,0.0,5.1,412,7622,412,Não,Não,Não,Não,Não,Não,Não,Não,12.560,28.305,93.2,9.018,24.9,2.4,56.7,0.9,0.9,0.9,0.9,2.4,53.5,0.9,0.9,0.9,0.9,412.23,1064.86,17.65,15.80,1083.39,1083.39,0.80,2.92,412.23,0.00,466.76,52,4,0.1,0.0,0,
20.9.2026,12:15:4.514,5544,11548,32.4,5559,10509,34.5,3.9,1024,40,0.695,0.696,0.694,0.696,0.695,0.695,0.694,0.695,0.694,0.694,0.695,0.863,1037.5,1197.1,1197.1,997.6,997.6,997.6,997.6,997.6,997.6,997.6,997.6,99.8,598.5,1053.4,1179.0,1178.9,1185.0,1186.3,982.5,986.9,989.7,989.7,990.7,990.6,990.8,991.2,1084.7,100.0,100.0,100.0,100.0,100.0,100.0,100.0,100.0,100.0,100.0,100.0,100.0,100.0,100.0,100.0,100.0,105.4,93.1,93.1,93.1,93.1,111.6,111.6,111.6,111.6,111.6,111.6,111.6,111.6,105.4,10.4,12.0,12.0,10.0,10.0,10.0,10.0,10.0,10.0,10.0,10.0,6.0,54,56,56,54,54,54,54,55,53,54,53,46,44,44,46,46,46,46,45,47,46,47,56,56,Não,Não,Não,Não,Não,Não,Não,Não,Não,Não,Não,Não,Não,Não,Não,Não,Não,Não,Não,Não,Não,Não,Sim,Sim,Sim,Sim,Sim,Sim,Sim,Sim,Sim,Sim,Sim,Não,Não,Sim,57,57,50,0.000,0.000,0.000,0.000,0.000,0.000,0.000,1.200,7.500,10.123,5.307,0.001,21.252,3.479,0.847,0.145,30.0,10.0,39.0,25.5,0,0.0,0.0,0.0,0.0,98.7,98.3,98.3,98.8,98.9,98.1,98.5,98.8,98.8,98.9,98.9,98.9,99.0,0.0,0.0,0.0,0.0,0.0,0.0,0.0,0.0,0.0,0.0,0.0,0.0,0.0,0.0,0.0,0.0,0.0,0.0,0.0,0.0,0.0,0.0,0.0,0.0,0.0,1330.1,13.33,19,19,19,43,62,734,1,2,Sim,Não,Não,Não,Não,Não,Não,Não,Sim,Não,Não,Não,Não,Não,Não,Não,Não,Não,Não,Não,Não,Não,Não,Não,Não,Não,Não,Sim,Não,Não,Não,Não,Não,Não,Não,Não,Sim,Não,54.0,28,Não,Não,35,35,87.0,100.0,Não,Não,18433,29287,0.0,0.0,0.0,0.000,0.000,13538,50368,0.0,1.6,1.6,0.000,0.055,41550,36987,52,0.227,10.084,300.0,1330.0,0.2,0.1,0.0,0.0,0.2,0.0,0.0,0.0,0.0,5.1,412,7622,412,Não,Não,Não,Não,Não,Não,Não,Não,12.562,28.305,93.2,9.007,24.9,1.1,28.6,0.5,0.5,0.5,0.5,1.1,28.3,0.5,0.5,0.5,0.5,949.13,1863.24,35.02,18.23,1881.90,1881.90,0.93,6.75,949.13,0.00,1856.98,52,4,0.2,0.0,0,
20.9.2026,12:15:6.509,5544,11548,32.4,5558,10509,34.5,3.9,1024,40,0.695,0.695,0.695,0.695,0.695,0.694,0.694,0.696,0.695,0.695,0.695,0.668,1037.5,1197.1,1197.1,997.6,997.6,997.6,997.6,997.6,997.6,997.6,997.6,99.8,598.5,1054.6,1179.8,1180.2,1186.3,1187.6,982.7,988.3,990.1,990.8,992.8,992.2,992.5,992.1,1085.7,100.0,100.0,100.0,100.0,100.0,100.0,100.0,100.0,100.0,100.0,100.0,100.0,100.0,100.0,100.0,100.0,105.5,93.3,93.3,93.2,93.2,111.7,111.7,111.7,111.7,111.7,111.7,111.7,111.7,105.5,10.4,12.0,12.0,10.0,10.0,10.0,10.0,10.0,10.0,10.0,10.0,6.0,54,56,55,54,54,56,54,53,55,53,53,46,44,45,46,46,44,46,47,45,47,47,56,56,Não,Não,Não,Não,Não,Não,Não,Não,Não,Não,Não,Não,Não,Não,Não,Não,Não,Não,Não,Não,Não,Não,Sim,Sim,Sim,Sim,Sim,Sim,Sim,Sim,Sim,Sim,Sim,Não,Não,Sim,56,56,52,0.000,0.000,0.000,0.000,0.000,0.000,0.000,1.200,7.500,10.074,5.258,0.001,21.243,3.481,0.844,0.144,30.0,10.0,39.0,25.5,0,0.0,0.0,0.0,0.0,98.7,98.3,98.3,98.8,98.9,98.0,98.5,98.7,98.8,99.0,98.9,99.0,98.9,0.0,0.0,0.0,0.0,0.0,0.0,0.0,0.0,0.0,0.0,0.0,0.0,0.0,0.0,0.0,0.0,0.0,0.0,0.0,0.0,0.0,0.0,0.0,0.0,0.0,1330.1,13.33,19,19,19,43,62,734,1,2,Sim,Não,Não,Não,Não,Não,Não,Não,Sim,Não,Não,Não,Não,Não,Não,Não,Não,Não,Não,Não,Não,Não,Não,Não,Não,Não,Não,Sim,Não,Não,Não,Não,Não,Não,Não,Não,Sim,Não,54.0,28,Não,Não,35,35,87.0,100.0,Não,Não,18433,29287,0.0,0.0,0.0,0.000,0.000,13538,50368,0.1,1.3,1.4,0.008,0.044,41550,36987,53,0.227,9.986,300.0,1330.0,0.3,0.1,0.0,0.1,0.3,0.0,0.0,0.0,0.0,5.1,412,7622,412,Não,Não,Não,Não,Não,Não,Não,Não,12.560,28.316,93.2,8.980,24.9,1.8,61.9,0.6,0.6,0.6,0.6,1.8,63.5,0.6,0.6,0.6,0.6,549.66,1583.56,16.16,16.14,1615.53,1615.53,0.79,1.77,549.66,0.00,988.08,52,4,0.1,0.0,0,
20.9.2026,12:15:8.525,5544,11547,32.4,5558,10509,34.5,3.9,1024,40,0.695,0.693,0.697,0.697,0.695,0.698,0.694,0.692,0.693,0.695,0.693,0.668,1037.5,1197.1,1197.1,997.6,997.6,997.6,997.6,997.6,997.6,997.6,997.6,99.8,598.5,1050.5,1176.3,1176.1,1182.2,1184.0,979.1,983.7,986.4,986.2,988.3,987.3,987.9,988.0,1081.7,100.0,100.0,100.0,100.0,100.0,100.0,100.0,100.0,100.0,100.0,100.0,100.0,100.0,100.0,100.0,100.0,105.1,92.9,92.9,92.9,92.9,111.2,111.2,111.2,111.2,111.2,111.2,111.2,111.2,105.1,10.4,12.0,12.0,10.0,10.0,10.0,10.0,10.0,10.0,10.0,10.0,6.0,56,56,56,56,56,56,56,55,54,55,55,44,44,44,44,44,44,44,45,46,45,45,57,56,Não,Não,Não,Não,Não,Não,Não,Não,Não,Não,Não,Não,Não,Não,Não,Não,Não,Não,Não,Não,Não,Não,Sim,Sim,Sim,Sim,Sim,Sim,Sim,Sim,Sim,Sim,Sim,Não,Não,Sim,57,57,53,0.000,0.000,0.000,0.000,0.000,0.000,0.000,1.200,8.125,9.957,5.140,0.001,21.272,3.487,0.844,0.141,30.0,10.0,39.0,25.5,0,0.0,0.0,0.0,0.0,98.7,98.3,98.3,98.8,98.9,98.1,98.5,98.8,98.8,99.0,98.9,98.9,98.9,0.0,0.0,0.0,0.0,0.0,0.0,0.0,0.0,0.0,0.0,0.0,0.0,0.0,0.0,0.0,0.0,0.0,0.0,0.0,0.0,0.0,0.0,0.0,0.0,0.0,1330.1,13.33,19,19,19,43,62,734,1,2,Sim,Não,Não,Não,Não,Não,Não,Não,Sim,Não,Não,Não,Não,Não,Não,Não,Não,Não,Não,Não,Não,Não,Não,Não,Não,Não,Não,Sim,Não,Não,Não,Não,Não,Não,Não,Não,Sim,Não,55.0,28,Não,Não,35,35,87.0,100.0,Não,Não,18433,29287,0.0,0.0,0.0,0.000,0.000,13538,50368,0.0,2.2,2.2,0.000,0.074,41550,36987,52,0.227,10.313,300.0,1330.0,0.2,0.1,0.0,0.1,0.3,0.0,0.0,0.0,0.0,5.1,412,7622,412,Não,Não,Não,Não,Não,Não,Não,Não,12.560,28.316,93.2,8.968,24.9,1.4,33.8,0.7,0.7,0.7,0.7,1.4,33.2,0.7,0.7,0.7,0.7,690.94,1352.30,29.58,17.44,1365.80,1365.80,0.94,6.86,690.94,0.00,1107.71,52,4,0.1,0.0,0,
20.9.2026,12:15:10.523,5544,11548,32.4,5556,10512,34.5,3.9,1024,40,0.695,0.694,0.694,0.694,0.694,0.697,0.695,0.697,0.696,0.696,0.696,0.668,1037.5,1197.1,1197.1,997.6,997.6,997.6,997.6,997.6,997.6,997.6,997.6,99.8,598.5,1047.3,1174.7,1174.3,1179.9,1180.8,975.7,979.5,982.4,982.4,984.4,984.2,984.4,984.3,1078.7,100.0,100.0,100.0,100.0,100.0,100.0,100.0,100.0,100.0,100.0,100.0,100.0,100.0,100.0,100.0,100.0,104.8,92.7,92.7,92.7,92.7,110.8,110.8,110.8,110.8,110.8,110.8,110.8,110.8,104.8,10.4,12.0,12.0,10.0,10.0,10.0,10.0,10.0,10.0,10.0,10.0,6.0,55,57,55,56,56,56,56,53,53,53,54,45,43,45,44,44,44,44,47,47,47,46,57,57,Não,Não,Não,Não,Não,Não,Não,Não,Não,Não,Não,Não,Não,Não,Não,Não,Não,Não,Não,Não,Não,Não,Sim,Sim,Sim,Sim,Sim,Sim,Sim,Sim,Sim,Sim,Sim,Não,Não,Sim,56,56,52,0.000,0.000,0.000,0.000,0.000,0.000,0.000,1.200,7.188,10.333,5.477,0.001,21.369,3.529,0.844,0.139,30.0,10.0,39.0,25.5,0,0.0,0.0,0.0,0.0,98.7,98.4,98.4,98.8,98.9,98.1,98.5,98.8,98.8,99.0,99.0,99.0,99.0,0.0,0.0,0.0,0.0,0.0,0.0,0.0,0.0,0.0,0.0,0.0,0.0,0.0,0.0,0.0,0.0,0.0,0.0,0.0,0.0,0.0,0.0,0.0,0.0,0.0,1330.1,13.33,19,19,19,43,62,734,1,2,Sim,Não,Não,Não,Não,Não,Não,Não,Sim,Não,Não,Não,Não,Não,Não,Não,Não,Não,Não,Não,Não,Não,Não,Não,Não,Não,Não,Sim,Não,Não,Não,Não,Não,Não,Não,Não,Sim,Não,55.0,28,Não,Não,35,35,87.0,100.0,Não,Não,18433,29287,0.0,0.0,0.0,0.000,0.000,13538,50368,0.0,1.2,1.2,0.000,0.080,41550,36987,52,0.227,9.792,300.0,1330.0,0.2,0.1,0.0,0.1,0.3,0.0,0.0,0.0,0.0,5.1,412,7622,412,Não,Não,Não,Não,Não,Não,Não,Não,12.560,28.328,93.3,8.968,24.9,1.2,31.4,0.6,0.6,0.6,0.6,1.2,30.5,0.6,0.6,0.6,0.6,824.65,1617.47,31.82,17.26,1633.65,1633.65,0.96,5.33,824.65,0.00,1500.10,52,4,0.1,0.0,0,
20.9.2026,12:15:12.542,5540,11551,32.4,5555,10513,34.5,3.9,1024,40,0.696,0.695,0.694,0.695,0.695,0.697,0.695,0.695,0.697,0.703,0.694,0.668,1037.5,1197.1,1197.1,997.6,997.6,997.6,997.6,997.6,997.6,997.6,997.6,99.8,598.5,1049.5,1174.7,1175.4,1181.4,1182.3,978.4,983.0,985.4,985.3,987.5,987.0,987.2,987.0,1080.7,100.0,100.0,100.0,100.0,100.0,100.0,100.0,100.0,100.0,100.0,100.0,100.0,100.0,100.0,100.0,100.0,105.0,92.9,92.9,92.9,92.9,111.1,111.1,111.1,111.1,111.1,111.1,111.1,111.1,105.0,10.4,12.0,12.0,10.0,10.0,10.0,10.0,10.0,10.0,10.0,10.0,6.0,55,56,56,56,56,56,54,53,53,53,53,45,44,44,44,44,44,46,47,47,47,47,56,56,Não,Não,Não,Não,Não,Não,Não,Não,Não,Não,Não,Não,Não,Não,Não,Não,Não,Não,Não,Não,Não,Não,Sim,Sim,Sim,Sim,Sim,Sim,Sim,Sim,Sim,Sim,Sim,Não,Não,Sim,56,56,52,0.000,0.000,0.000,0.000,0.000,0.000,0.000,1.200,7.813,9.793,4.984,0.001,21.185,3.485,0.839,0.139,30.0,10.0,39.0,25.5,0,0.0,0.0,0.0,0.0,98.7,98.3,98.3,98.8,98.9,98.1,98.5,98.8,98.8,99.0,98.9,98.9,98.9,0.0,0.0,0.0,0.0,0.0,0.0,0.0,0.0,0.0,0.0,0.0,0.0,0.0,0.0,0.0,0.0,0.0,0.0,0.0,0.0,0.0,0.0,0.0,0.0,0.0,1330.1,13.33,19,19,19,43,62,734,1,2,Sim,Não,Não,Não,Não,Não,Não,Não,Sim,Não,Não,Não,Não,Não,Não,Não,Não,Não,Não,Não,Não,Não,Não,Não,Não,Não,Não,Sim,Não,Não,Não,Não,Não,Não,Não,Não,Sim,Não,55.0,28,Não,Não,35,35,87.0,100.0,Não,Não,18433,29287,0.0,0.0,0.0,0.000,0.000,13538,50368,0.0,1.0,1.0,0.000,0.038,41550,36988,52,0.227,10.088,300.0,1330.0,0.2,0.1,0.0,0.1,0.3,0.0,0.0,0.0,0.0,5.1,412,7622,412,Não,Não,Não,Não,Não,Não,Não,Não,12.560,28.328,93.3,8.955,24.9,1.3,32.4,0.7,0.7,0.7,0.7,1.3,31.5,0.7,0.7,0.7,0.7,765.80,1500.78,30.82,17.32,1515.78,1515.78,0.95,5.18,765.80,0.00,1324.16,52,4,0.1,0.0,0,
20.9.2026,12:15:14.540,5539,11553,32.4,5554,10513,34.5,3.9,1024,40,0.695,0.696,0.695,0.694,0.694,0.695,0.696,0.696,0.695,0.697,0.694,0.671,1037.7,1197.4,1197.4,997.8,997.8,997.8,997.8,997.8,997.8,997.8,997.8,99.8,598.7,1049.5,1175.2,1174.7,1181.3,1182.8,978.1,982.3,984.5,984.8,987.9,987.3,987.4,987.4,1080.4,100.0,100.0,100.0,100.0,100.0,100.0,100.0,100.0,100.0,100.0,100.0,100.0,100.0,100.0,100.0,100.0,105.0,92.8,92.8,92.9,92.9,111.1,111.1,111.1,111.1,111.1,111.1,111.1,111.1,105.0,10.4,12.0,12.0,10.0,10.0,10.0,10.0,10.0,10.0,10.0,10.0,6.0,54,56,56,54,54,54,56,54,54,53,53,46,44,44,46,46,46,44,46,46,47,47,56,56,Não,Não,Não,Não,Não,Não,Não,Não,Não,Não,Não,Não,Não,Não,Não,Não,Não,Não,Não,Não,Não,Não,Sim,Sim,Sim,Sim,Sim,Sim,Sim,Sim,Sim,Sim,Sim,Não,Não,Sim,56,56,52,0.000,0.000,0.000,0.000,0.000,0.000,0.000,1.200,7.500,10.074,5.243,0.001,21.197,3.491,0.847,0.146,30.0,10.0,39.0,25.5,0,0.0,0.0,0.0,0.0,98.7,98.3,98.3,98.8,98.9,98.0,98.5,98.7,98.7,99.0,99.0,99.0,99.0,0.0,0.0,0.0,0.0,0.0,0.0,0.0,0.0,0.0,0.0,0.0,0.0,0.0,0.0,0.0,0.0,0.0,0.0,0.0,0.0,0.0,0.0,0.0,0.0,0.0,1330.4,13.33,19,19,19,43,62,734,1,2,Sim,Não,Não,Não,Não,Não,Não,Não,Sim,Não,Não,Não,Não,Não,Não,Não,Não,Não,Não,Não,Não,Não,Não,Não,Não,Não,Não,Sim,Não,Não,Não,Não,Não,Não,Não,Não,Sim,Não,54.0,28,Não,Não,35,35,87.0,100.0,Não,Não,18433,29287,0.0,0.0,0.0,0.000,0.000,13538,50368,0.0,1.4,1.4,0.008,0.120,41550,36988,52,0.227,9.911,300.0,1330.0,0.2,0.1,0.0,0.1,0.3,0.0,0.0,0.0,0.0,5.1,412,7622,412,Não,Não,Não,Não,Não,Não,Não,Não,12.563,28.328,93.3,8.945,24.9,1.2,30.3,0.6,0.6,0.6,0.6,1.2,30.0,0.6,0.6,0.6,0.6,849.56,1666.16,32.96,17.96,1682.82,1682.82,0.94,4.71,849.56,0.00,1566.46,52,4,0.2,0.0,0,
20.9.2026,12:15:16.537,5541,11550,32.4,5556,10512,34.5,3.9,1024,40,0.695,0.694,0.695,0.694,0.694,0.694,0.695,0.696,0.694,0.696,0.696,0.668,1037.5,1197.1,1197.1,997.6,997.6,997.6,997.6,997.6,997.6,997.6,997.6,99.8,997.6,1049.5,1174.3,1174.7,1182.0,1183.4,978.4,982.7,984.5,984.9,987.5,987.3,987.4,987.4,1080.6,100.0,100.0,100.0,100.0,100.0,100.0,100.0,100.0,100.0,100.0,100.0,100.0,100.0,100.0,100.0,100.0,105.0,92.9,92.9,92.9,92.9,111.1,111.1,111.1,111.1,111.1,111.1,111.1,111.1,105.0,10.4,12.0,12.0,10.0,10.0,10.0,10.0,10.0,10.0,10.0,10.0,10.0,54,57,55,54,54,54,56,53,54,53,53,46,43,45,46,46,46,44,47,46,47,47,57,57,Não,Não,Não,Não,Não,Não,Não,Não,Não,Não,Não,Não,Não,Não,Não,Não,Não,Não,Não,Não,Não,Não,Sim,Sim,Sim,Sim,Sim,Sim,Sim,Sim,Sim,Sim,Sim,Não,Não,Sim,56,56,51,0.000,0.000,0.000,0.000,0.000,0.000,0.000,1.200,7.500,9.901,5.060,0.001,21.238,3.508,0.844,0.142,30.0,10.0,39.0,25.5,0,0.0,0.0,0.0,0.0,98.7,98.2,98.3,98.9,99.0,98.1,98.5,98.7,98.7,99.0,99.0,99.0,99.0,0.0,0.0,0.0,0.0,0.0,0.0,0.0,0.0,0.0,0.0,0.0,0.0,0.0,0.0,0.0,0.0,0.0,0.0,0.0,0.0,0.0,0.0,0.0,0.0,0.0,1330.1,13.33,19,19,19,43,62,734,1,2,Sim,Não,Não,Não,Não,Não,Não,Não,Sim,Não,Não,Não,Não,Não,Não,Não,Não,Não,Não,Não,Não,Não,Não,Não,Não,Não,Não,Sim,Não,Não,Não,Não,Não,Não,Não,Não,Sim,Não,55.0,28,Não,Não,35,35,87.0,100.0,Não,Não,18433,29287,0.0,0.0,0.0,0.000,0.000,13538,50368,0.0,2.7,2.7,0.000,0.216,41550,36988,52,0.227,9.940,300.0,1330.0,0.2,0.1,0.0,0.1,0.3,0.0,0.0,0.0,0.0,5.1,412,7622,412,Não,Não,Não,Não,Não,Não,Não,Não,12.561,28.339,93.3,8.943,24.9,1.7,54.6,0.6,0.6,0.6,0.6,1.7,52.7,0.6,0.6,0.6,0.6,605.45,1635.60,18.33,16.20,1666.25,1666.25,0.94,2.59,605.45,0.00,1072.18,52,4,0.2,0.0,0,
20.9.2026,12:15:18.536,5540,11551,32.4,5555,10513,34.5,3.9,1024,40,0.696,0.695,0.694,0.696,0.694,0.699,0.696,0.703,0.696,0.693,0.694,0.863,1037.5,1197.1,1197.1,997.6,997.6,997.6,997.6,997.6,997.6,997.6,997.6,99.8,598.5,1053.1,1178.5,1179.4,1185.4,1186.3,981.9,985.5,988.4,988.0,991.4,990.8,990.8,990.9,1084.2,100.0,100.0,100.0,100.0,100.0,100.0,100.0,100.0,100.0,100.0,100.0,100.0,100.0,100.0,100.0,100.0,105.4,93.1,93.1,93.1,93.1,111.5,111.5,111.5,111.5,111.5,111.5,111.5,111.5,105.4,10.4,12.0,12.0,10.0,10.0,10.0,10.0,10.0,10.0,10.0,10.0,6.0,54,57,55,54,54,54,54,53,54,55,53,46,43,45,46,46,46,46,47,46,45,47,57,57,Não,Não,Não,Não,Não,Não,Não,Não,Não,Não,Não,Não,Não,Não,Não,Não,Não,Não,Não,Não,Não,Não,Sim,Sim,Sim,Sim,Sim,Sim,Sim,Sim,Sim,Sim,Sim,Não,Não,Sim,56,56,52,0.000,0.000,0.000,0.000,0.000,0.000,0.000,1.200,7.813,9.935,5.094,0.001,21.256,3.510,0.842,0.141,30.0,10.0,39.0,25.5,0,0.0,0.0,0.0,0.0,98.7,98.3,98.4,98.9,98.9,98.1,98.4,98.7,98.7,99.0,98.9,98.9,98.9,0.0,0.0,0.0,0.0,0.0,0.0,0.0,0.0,0.0,0.0,0.0,0.0,0.0,0.0,0.0,0.0,0.0,0.0,0.0,0.0,0.0,0.0,0.0,0.0,0.0,1330.1,13.33,19,19,19,43,62,734,2,1,Sim,Não,Não,Não,Não,Não,Não,Não,Sim,Não,Não,Não,Não,Não,Não,Não,Não,Não,Não,Não,Não,Não,Não,Não,Não,Não,Não,Sim,Não,Não,Não,Não,Não,Não,Não,Não,Sim,Não,55.0,28,Não,Não,35,35,87.0,100.0,Não,Não,18433,29287,0.0,0.0,0.0,0.000,0.000,13538,50368,0.0,0.8,0.8,0.000,0.056,41550,36988,52,0.227,9.832,300.0,1330.0,0.2,0.1,0.0,0.1,0.3,0.0,0.0,0.0,0.0,5.1,412,7622,412,Não,Não,Não,Não,Não,Não,Não,Não,12.562,28.339,93.3,8.932,24.9,1.6,54.5,0.6,0.6,0.6,0.6,1.6,52.7,0.6,0.6,0.6,0.6,633.08,1716.82,18.36,16.23,1749.12,1749.12,1.01,4.63,633.08,0.00,1166.37,52,4,0.1,0.0,0,
20.9.2026,12:15:20.537,5540,11552,32.4,5556,10512,34.5,3.9,1024,40,0.695,0.695,0.694,0.695,0.695,0.694,0.694,0.694,0.695,0.696,0.695,0.668,1037.5,1197.1,1197.1,997.6,997.6,997.6,997.6,997.6,997.6,997.6,997.6,99.8,598.5,1051.0,1176.1,1176.3,1182.6,1183.7,979.1,984.7,987.5,987.1,989.0,988.6,988.6,988.5,1082.1,100.0,100.0,100.0,100.0,100.0,100.0,100.0,100.0,100.0,100.0,100.0,100.0,100.0,100.0,100.0,100.0,105.2,93.0,93.0,93.0,93.0,111.3,111.3,111.3,111.3,111.3,111.3,111.3,111.3,105.2,10.4,12.0,12.0,10.0,10.0,10.0,10.0,10.0,10.0,10.0,10.0,6.0,55,56,55,54,56,54,56,55,55,55,55,45,44,45,46,44,46,44,45,45,45,45,56,56,Não,Não,Não,Não,Não,Não,Não,Não,Não,Não,Não,Não,Não,Não,Não,Não,Não,Não,Não,Não,Não,Não,Sim,Sim,Sim,Sim,Sim,Sim,Sim,Sim,Sim,Sim,Sim,Não,Não,Sim,57,57,52,0.000,0.000,0.000,0.000,0.000,0.000,0.000,1.200,6.875,9.858,5.102,0.001,21.243,3.458,0.845,0.145,30.0,10.0,39.0,25.5,0,0.0,0.0,0.0,0.0,98.7,98.2,98.3,98.8,98.9,98.0,98.5,98.8,98.8,99.0,98.9,98.9,98.9,0.0,0.0,0.0,0.0,0.0,0.0,0.0,0.0,0.0,0.0,0.0,0.0,0.0,0.0,0.0,0.0,0.0,0.0,0.0,0.0,0.0,0.0,0.0,0.0,0.0,1330.1,13.33,19,19,19,43,62,734,1,2,Sim,Não,Não,Não,Não,Não,Não,Não,Sim,Não,Não,Não,Não,Não,Não,Não,Não,Não,Não,Não,Não,Não,Não,Não,Não,Não,Não,Sim,Não,Não,Não,Não,Não,Não,Não,Não,Sim,Não,55.0,28,Não,Não,35,35,87.0,100.0,Não,Não,18433,29287,0.0,0.0,0.0,0.000,0.000,13538,50368,0.0,1.6,1.6,0.000,0.145,41550,36989,52,0.227,9.769,300.0,1330.0,0.3,0.1,0.0,0.1,0.3,0.0,0.0,0.0,0.0,5.1,412,7622,412,Não,Não,Não,Não,Não,Não,Não,Não,12.563,28.339,93.3,8.920,24.9,1.2,30.9,0.6,0.6,0.6,0.6,1.2,29.9,0.6,0.6,0.6,0.6,832.85,1633.37,32.33,17.63,1649.71,1649.71,1.02,6.82,832.85,0.00,1541.36,52,4,0.1,0.0,0,
20.9.2026,12:15:22.539,5540,11552,32.4,5556,10512,34.5,3.9,1024,40,0.695,0.695,0.694,0.695,0.695,0.697,0.696,0.694,0.695,0.695,0.695,0.668,1037.5,1197.1,1197.1,997.6,997.6,997.6,997.6,997.6,997.6,997.6,997.6,99.8,598.5,1050.5,1175.9,1175.3,1182.6,1183.7,979.5,984.7,986.4,986.6,987.7,987.8,987.9,988.0,1081.8,100.0,100.0,100.0,100.0,100.0,100.0,100.0,100.0,100.0,100.0,100.0,100.0,100.0,100.0,100.0,100.0,105.1,92.9,92.9,92.9,92.9,111.2,111.2,111.2,111.2,111.2,111.2,111.2,111.2,105.1,10.4,12.0,12.0,10.0,10.0,10.0,10.0,10.0,10.0,10.0,10.0,6.0,55,56,55,54,54,54,54,55,55,55,55,45,44,45,46,46,46,46,45,45,45,45,56,56,Não,Não,Não,Não,Não,Não,Não,Não,Não,Não,Não,Não,Não,Não,Não,Não,Não,Não,Não,Não,Não,Não,Sim,Sim,Sim,Sim,Sim,Sim,Sim,Sim,Sim,Sim,Sim,Não,Não,Sim,57,57,52,0.000,0.000,0.000,0.000,0.000,0.000,0.000,1.200,7.500,9.806,4.917,0.001,21.242,3.522,0.843,0.142,30.0,10.0,39.0,25.5,0,0.0,0.0,0.0,0.0,98.7,98.3,98.3,98.8,98.9,98.1,98.6,98.8,98.8,98.9,98.9,98.9,98.9,0.0,0.0,0.0,0.0,0.0,0.0,0.0,0.0,0.0,0.0,0.0,0.0,0.0,0.0,0.0,0.0,0.0,0.0,0.0,0.0,0.0,0.0,0.0,0.0,0.0,1330.1,13.33,19,19,19,43,62,734,1,2,Sim,Não,Não,Não,Não,Não,Não,Não,Sim,Não,Não,Não,Não,Não,Não,Não,Não,Não,Não,Não,Não,Não,Não,Não,Não,Não,Não,Sim,Não,Não,Não,Não,Não,Não,Não,Não,Sim,Não,55.0,28,Não,Não,35,35,87.0,100.0,Não,Não,18433,29287,0.0,0.0,0.0,0.000,0.000,13538,50368,0.0,1.8,1.8,0.000,0.043,41550,36989,52,0.232,9.897,300.0,1330.0,0.2,0.1,0.0,0.1,0.3,0.0,0.0,0.0,0.0,5.1,412,7622,412,Não,Não,Não,Não,Não,Não,Não,Não,12.560,28.350,93.3,8.892,24.9,1.5,56.8,0.6,0.5,0.5,0.5,1.5,54.6,0.6,0.5,0.5,0.5,654.58,1812.17,17.61,16.08,1847.10,1847.10,1.10,4.26,654.58,0.00,1209.20,52,4,0.2,0.1,0,
20.9.2026,12:15:24.543,5540,11552,32.4,5556,10512,34.5,3.9,1024,40,0.695,0.695,0.695,0.695,0.695,0.696,0.696,0.696,0.696,0.694,0.695,0.668,1037.5,1197.1,1197.1,997.6,997.6,997.6,997.6,997.6,997.6,997.6,997.6,99.8,598.5,1050.4,1176.0,1175.3,1181.9,1183.0,979.3,983.9,986.3,986.5,988.6,987.9,988.1,988.1,1081.5,100.0,100.0,100.0,100.0,100.0,100.0,100.0,100.0,100.0,100.0,100.0,100.0,100.0,100.0,100.0,100.0,105.1,92.9,92.9,92.9,92.9,111.2,111.2,111.2,111.2,111.2,111.2,111.2,111.2,105.1,10.4,12.0,12.0,10.0,10.0,10.0,10.0,10.0,10.0,10.0,10.0,6.0,54,56,55,56,54,54,54,53,53,55,54,46,44,45,44,46,46,46,47,47,45,46,56,56,Não,Não,Não,Não,Não,Não,Não,Não,Não,Não,Não,Não,Não,Não,Não,Não,Não,Não,Não,Não,Não,Não,Sim,Sim,Sim,Sim,Sim,Sim,Sim,Sim,Sim,Sim,Sim,Não,Não,Sim,56,56,52,0.000,0.000,0.000,0.000,0.000,0.000,0.000,1.200,7.500,9.835,4.989,0.001,21.208,3.513,0.846,0.142,30.0,10.0,39.0,25.5,0,0.0,0.0,0.0,0.0,98.7,98.3,98.3,98.8,98.9,98.1,98.5,98.8,98.8,99.0,98.9,98.9,99.0,0.0,0.0,0.0,0.0,0.0,0.0,0.0,0.0,0.0,0.0,0.0,0.0,0.0,0.0,0.0,0.0,0.0,0.0,0.0,0.0,0.0,0.0,0.0,0.0,0.0,1330.1,13.33,19,19,19,43,62,734,1,2,Sim,Não,Não,Não,Não,Não,Não,Não,Sim,Não,Não,Não,Não,Não,Não,Não,Não,Não,Não,Não,Não,Não,Não,Não,Não,Não,Não,Sim,Não,Não,Não,Não,Não,Não,Não,Não,Sim,Não,55.0,28,Não,Não,35,35,87.0,100.0,Não,Não,18433,29287,0.0,0.0,0.0,0.000,0.000,13538,50368,0.0,1.4,1.4,0.000,0.071,41550,36989,52,0.227,10.408,300.0,1330.0,0.2,0.1,0.0,0.0,0.2,0.0,0.0,0.0,0.0,5.1,412,7622,412,Não,Não,Não,Não,Não,Não,Não,Não,12.562,28.350,93.3,8.894,24.9,1.1,28.9,0.5,0.5,0.5,0.5,1.1,28.4,0.5,0.5,0.5,0.5,940.89,1847.20,34.57,17.93,1865.70,1865.70,1.05,5.61,940.89,0.00,1849.04,52,4,0.1,0.0,0,
20.9.2026,12:15:26.509,5385,11707,31.5,5527,10540,34.4,3.9,1024,40,0.716,0.713,0.721,0.716,0.716,0.706,0.710,0.716,0.716,0.721,0.726,0.668,997.6,1296.8,1296.8,1097.3,1097.3,399.0,399.0,1097.3,1097.3,1097.3,1097.3,99.8,698.3,1032.8,1150.1,1138.9,1157.5,1164.5,960.0,975.9,975.9,976.1,975.7,968.9,971.4,978.9,1062.4,98.5,98.2,97.3,98.4,98.6,98.6,99.6,99.2,99.1,98.4,97.9,98.0,98.8,99.6,98.5,100.0,103.7,91.3,90.4,91.1,91.6,109.7,110.7,110.3,110.2,110.1,109.4,109.6,110.4,103.8,10.0,13.0,13.0,11.0,11.0,4.0,4.0,11.0,11.0,11.0,11.0,7.0,53,54,54,52,53,53,53,53,53,53,53,47,46,46,48,47,47,47,47,47,47,47,55,54,Não,Não,Não,Não,Não,Não,Não,Não,Não,Não,Não,Não,Não,Não,Não,Não,Não,Não,Não,Não,Não,Não,Sim,Sim,Sim,Sim,Sim,Sim,Sim,Sim,Sim,Sim,Sim,Não,Não,Sim,56,56,52,0.000,0.000,0.000,0.000,0.000,0.000,0.000,1.200,5.313,10.438,5.575,0.001,21.317,3.517,0.847,0.152,30.0,10.0,39.0,25.5,0,0.0,0.0,0.0,0.0,97.0,96.1,95.3,97.1,97.5,96.3,97.8,97.9,97.9,97.2,96.6,96.8,97.6,0.1,0.0,0.6,0.0,0.0,0.0,0.0,0.7,0.0,0.0,0.0,1.0,1.1,0.0,1.2,0.3,0.7,0.8,0.8,2.1,1.9,1.2,0.0,0.0,0.0,1330.1,13.33,19,19,19,43,62,734,1,2,Sim,Não,Não,Não,Não,Não,Não,Não,Sim,Não,Não,Não,Não,Não,Não,Não,Não,Não,Não,Não,Não,Não,Não,Não,Não,Não,Não,Sim,Não,Não,Não,Não,Não,Não,Não,Não,Sim,Não,56.0,28,Não,Não,35,35,87.0,100.0,Não,Não,18433,29287,0.0,0.0,0.0,0.000,0.000,13538,50368,0.0,2.1,2.1,0.000,0.294,41550,36989,52,0.227,9.692,300.0,1330.0,0.4,0.2,0.0,0.1,0.5,0.0,0.0,0.0,0.0,5.1,412,7622,412,Não,Não,Não,Não,Não,Não,Não,Não,12.561,28.350,93.3,8.881,24.9,7.9,104.3,2.7,2.7,2.7,2.7,7.9,112.3,2.7,2.7,2.7,2.7,126.29,366.79,9.58,9.15,374.57,374.57,0.73,1.61,126.29,0.00,252.65,52,4,0.4,0.0,0,
Date,Time,"Memória virtual comprometida [MB]","Memória virtual disponível [MB]","Carga da memória virtual [%]","Memória física utilizada [MB]","Memória física disponível [MB]","Carga da memória física [%]","Utilização do arquivo de paginação [%]","Page File Total [MB]","Page File Used [MB]","Core VIDs (avg) [V]","P-core 0 VID [V]","P-core 1 VID [V]","E-core 2 VID [V]","E-core 3 VID [V]","E-core 4 VID [V]","E-core 5 VID [V]","E-core 6 VID [V]","E-core 7 VID [V]","E-core 8 VID [V]","E-core 9 VID [V]","SA VID [V]","Relógios núcleo (avg) [MHz]","P-core 0 Relógio [MHz]","P-core 1 Relógio [MHz]","E-core 2 Relógio [MHz]","E-core 3 Relógio [MHz]","E-core 4 Relógio [MHz]","E-core 5 Relógio [MHz]","E-core 6 Relógio [MHz]","E-core 7 Relógio [MHz]","E-core 8 Relógio [MHz]","E-core 9 Relógio [MHz]","Relógio de barramento [MHz]","Ring/LLC Relógio [MHz]","Relógios efetivos núcleo (avg) [MHz]","P-core 0 T0 Relógio efetivo [MHz]","P-core 0 T1 Relógio efetivo [MHz]","P-core 1 T0 Relógio efetivo [MHz]","P-core 1 T1 Relógio efetivo [MHz]","E-core 2 T0 Relógio efetivo [MHz]","E-core 3 T0 Relógio efetivo [MHz]","E-core 4 T0 Relógio efetivo [MHz]","E-core 5 T0 Relógio efetivo [MHz]","E-core 6 T0 Relógio efetivo [MHz]","E-core 7 T0 Relógio efetivo [MHz]","E-core 8 T0 Relógio efetivo [MHz]","E-core 9 T0 Relógio efetivo [MHz]","Relógio efetivo médio [MHz]","Uso do núcleo (avg) [%]","P-core 0 T0 Uso [%]","P-core 0 T1 Uso [%]","P-core 1 T0 Uso [%]","P-core 1 T1 Uso [%]","E-core 2 T0 Uso [%]","E-core 3 T0 Uso [%]","E-core 4 T0 Uso [%]","E-core 5 T0 Uso [%]","E-core 6 T0 Uso [%]","E-core 7 T0 Uso [%]","E-core 8 T0 Uso [%]","E-core 9 T0 Uso [%]","Uso máximo de CPU / thread [%]","Uso total da CPU [%]","Modulação do relógio sob demanda [%]","Utilização do núcleo (avg) [%]","P-core 0 T0 Utilização [%]","P-core 0 T1 Utilização [%]","P-core 1 T0 Utilização [%]","P-core 1 T1 Utilização [%]","E-core 2 T0 Utilização [%]","E-core 3 T0 Utilização [%]","E-core 4 T0 Utilização [%]","E-core 5 T0 Utilização [%]","E-core 6 T0 Utilização [%]","E-core 7 T0 Utilização [%]","E-core 8 T0 Utilização [%]","E-core 9 T0 Utilização [%]","Utilização total da CPU [%]","Relação do relógio do núcleo (avg) [x]","P-core 0 Relação [x]","P-core 1 Relação [x]","E-core 2 Relação [x]","E-core 3 Relação [x]","E-core 4 Relação [x]","E-core 5 Relação [x]","E-core 6 Relação [x]","E-core 7 Relação [x]","E-core 8 Relação [x]","E-core 9 Relação [x]","Uncore Relação [x]","Temperaturas centrais (avg) [°C]","P-core 0 [°C]","P-core 1 [°C]","E-core 2 [°C]","E-core 3 [°C]","E-core 4 [°C]","E-core 5 [°C]","E-core 6 [°C]","E-core 7 [°C]","E-core 8 [°C]","E-core 9 [°C]","Distância do núcleo para TjMAX (avg) [°C]","P-core 0 Distância para TjMAX [°C]","P-core 1 Distância para TjMAX [°C]","E-core 2 Distância para TjMAX [°C]","E-core 3 Distância para TjMAX [°C]","E-core 4 Distância para TjMAX [°C]","E-core 5 Distância para TjMAX [°C]","E-core 6 Distância para TjMAX [°C]","E-core 7 Distância para TjMAX [°C]","E-core 8 Distância para TjMAX [°C]","E-core 9 Distância para TjMAX [°C]","CPU Inteira [°C]","Núcleo máximo [°C]","Estrangulamento térmico do núcleo (avg) [Yes/No]","P-core 0 Estrangulamento térmico [Yes/No]","P-core 1 Estrangulamento térmico [Yes/No]","E-core 2 Estrangulamento térmico [Yes/No]","E-core 3 Estrangulamento térmico [Yes/No]","E-core 4 Estrangulamento térmico [Yes/No]","E-core 5 Estrangulamento térmico [Yes/No]","E-core 6 Estrangulamento térmico [Yes/No]","E-core 7 Estrangulamento térmico [Yes/No]","E-core 8 Estrangulamento térmico [Yes/No]","E-core 9 Estrangulamento térmico [Yes/No]","Temperatura crítica do núcleo (avg) [Yes/No]","P-core 0 Temperatura critica [Yes/No]","P-core 1 Temperatura critica [Yes/No]","E-core 2 Temperatura critica [Yes/No]","E-core 3 Temperatura critica [Yes/No]","E-core 4 Temperatura critica [Yes/No]","E-core 5 Temperatura critica [Yes/No]","E-core 6 Temperatura critica [Yes/No]","E-core 7 Temperatura critica [Yes/No]","E-core 8 Temperatura critica [Yes/No]","E-core 9 Temperatura critica [Yes/No]","Limite de potência do núcleo excedido (avg) [Yes/No]","P-core 0 Limite de potência excedido [Yes/No]","P-core 1 Limite de potência excedido [Yes/No]","E-core 2 Limite de potência excedido [Yes/No]","E-core 3 Limite de potência excedido [Yes/No]","E-core 4 Limite de potência excedido [Yes/No]","E-core 5 Limite de potência excedido [Yes/No]","E-core 6 Limite de potência excedido [Yes/No]","E-core 7 Limite de potência excedido [Yes/No]","E-core 8 Limite de potência excedido [Yes/No]","E-core 9 Limite de potência excedido [Yes/No]","Regulagem térmica do pacote / anel [Yes/No]","Temperatura crítica do pacote / anel [Yes/No]","Limite de potência do pacote / anel excedido [Yes/No]","CPU Inteira [°C]","CPU IA Cores [°C]","CPU GT Cores (gráficos) [°C]","Desvios de tensão (avg) [V]","IA Compensação de tensão [V]","GT Compensação de tensão [V]","CLR (CBo/LLC/Ring) Compensação de tensão [V]","GT Media Compensação de tensão [V]","SA Compensação de tensão [V]","L2 E-core Compensação de tensão [V]","VDDQ TX Voltagem [V]","VR VCC Corrente (SVID IOUT) [A]","Potência total da CPU [W]","Potência de núcleos IA [W]","Potência de núcleo GT [W]","Potência total do sistema [W]","Potência do System Agent [W]","Potência do restante do chip [W]","PCH Potência [W]","Limite de potência PL1 (Static) [W]","Limite de potência PL1 (Dynamic) [W]","Limite de potência PL2 (Static) [W]","Limite de potência PL2 (Dynamic) [W]","Nível cTDP atual []","Package C2 Ocupação [%]","Package C3 Ocupação [%]","Package C6 Ocupação [%]","Package C8 Ocupação [%]","Core C0 Ocupação (avg) [%]","P-core 0 T0 C0 Ocupação [%]","P-core 0 T1 C0 Ocupação [%]","P-core 1 T0 C0 Ocupação [%]","P-core 1 T1 C0 Ocupação [%]","E-core 2 T0 C0 Ocupação [%]","E-core 3 T0 C0 Ocupação [%]","E-core 4 T0 C0 Ocupação [%]","E-core 5 T0 C0 Ocupação [%]","E-core 6 T0 C0 Ocupação [%]","E-core 7 T0 C0 Ocupação [%]","E-core 8 T0 C0 Ocupação [%]","E-core 9 T0 C0 Ocupação [%]","Core C1 Ocupação (avg) [%]","P-core 0 C1 Ocupação [%]","P-core 1 C1 Ocupação [%]","E-core 2 C1 Ocupação [%]","E-core 3 C1 Ocupação [%]","E-core 4 C1 Ocupação [%]","E-core 5 C1 Ocupação [%]","E-core 6 C1 Ocupação [%]","E-core 7 C1 Ocupação [%]","E-core 8 C1 Ocupação [%]","E-core 9 C1 Ocupação [%]","Core C6 Ocupação (avg) [%]","P-core 0 C6 Ocupação [%]","P-core 1 C6 Ocupação [%]","E-core 2 C6 Ocupação [%]","E-core 3 C6 Ocupação [%]","E-core 4 C6 Ocupação [%]","E-core 5 C6 Ocupação [%]","E-core 6 C6 Ocupação [%]","E-core 7 C6 Ocupação [%]","E-core 8 C6 Ocupação [%]","E-core 9 C6 Ocupação [%]","Core C7 Ocupação (avg) [%]","P-core 0 C7 Ocupação [%]","P-core 1 C7 Ocupação [%]","Relógio da memória [MHz]","Relação do relógio da memória [x]","Tcas [T]","Trcd [T]","Trp [T]","Tras [T]","Trc [T]","Trfc [T]","Command Rate [T]","Gear Mode []","IA Limit Reasons (avg) [Yes/No]","IA: PROCHOT [Yes/No]","IA: Evento térmico [Yes/No]","IA: Regulamento do Estado de Residência [Yes/No]","IA: Limite térmico médio em execução (RATL) [Yes/No]","IA: VR Thermal Alert [Yes/No]","IA: VR TDC [Yes/No]","IA: Ponto de Projeto Elétrico / Outro (ICCmax  PL4  SVID  DDR RAPL) [Yes/No]","IA: Package-Level RAPL/PBM PL1 [Yes/No]","IA: Package-Level RAPL/PBM PL2 PL3 [Yes/No]","IA: Max Turbo Limit [Yes/No]","IA: Atenuação turbo (MCT) [Yes/No]","IA: Aumento de velocidade térmica [Yes/No]","GT Limit Reasons (avg) [Yes/No]","GT: PROCHOT [Yes/No]","GT: Evento térmico [Yes/No]","GT: DDR RAPL [Yes/No]","GT: Regulamento do Estado de Residência [Yes/No]","GT: Limite térmico médio em execução (RATL) [Yes/No]","GT: VR Alerta térmico [Yes/No]","GT: VR TDC [Yes/No]","GT: Max VR Voltagem  ICCmax  PL4 [Yes/No]","GT: Domain-Level PBM PLGT [Yes/No]","GT: Package-Level RAPL/PBM PL1 [Yes/No]","GT: Package-Level RAPL/PBM PL2 PL3 [Yes/No]","GT: Inefficient Operation [Yes/No]","GT: Limite de fusíveis [Yes/No]","Ring Limit Reasons (avg) [Yes/No]","RING: PROCHOT [Yes/No]","RING: Evento térmico [Yes/No]","RING: DDR RAPL [Yes/No]","RING: Regulamento do Estado de Residência [Yes/No]","RING: Limite térmico médio em execução (RATL) [Yes/No]","RING: Alerta térmico VR [Yes/No]","RING: VR TDC [Yes/No]","RING: Max VR Voltagem  ICCmax  PL4 [Yes/No]","RING: Package-Level RAPL/PBM PL1 [Yes/No]","RING: Package-Level RAPL/PBM PL2 PL3 [Yes/No]","PCH Temperatura [°C]","Temperatura do disco [°C]","Falha de disco [Yes/No]","Aviso de disco [Yes/No]","Temperatura do disco [°C]","Temperatura do disco 2 [°C]","Vida restante do disco [%]","Reserva disponível do disco [%]","Falha de disco [Yes/No]","Aviso de disco [Yes/No]","Total de gravações de host [GB]","Total de leituras de host [GB]","Atividade de leitura [%]","Atividade de gravação [%]","Atividade total [%]","Taxa de leituras [MB/s]","Taxa de gravações [MB/s]","Leia total [MB]","Gravar total [MB]","Atividade de leitura [%]","Atividade de gravação [%]","Atividade total [%]","Taxa de leituras [MB/s]","Taxa de gravações [MB/s]","Leia total [MB]","Gravar total [MB]","GPU Core Temperatura [°C]","iGPU VID [V]","IGPU Potência [W]","GPU Clock [MHz]","Relógio de memória GPU [MHz]","Uso total da GPU [%]","Uso de computação GPU [%]","Uso do mecanismo mídia GPU [%]","Utilizações de D3D GPU (avg) [%]","Utilização de D3D GPU [%]","GPU Video Decode 0 Uso [%]","GPU Video Decode 1 Uso [%]","GPU Video Processing 0 Uso [%]","Uso do mecanismo de cópia da GPU [%]","Uso de memória GPU [%]","Memória GPU alocada [MB]","Memória GPU disponível [MB]","Memória dinâmica D3D GPU [MB]","Razões de aceleração da GPU (avg) [Yes/No]","Potência Média (PL1) [Yes/No]","Poder de explosão (PL2) [Yes/No]","Current (PL4) [Yes/No]","Térmico [Yes/No]","Fonte de energia [Yes/No]","Limite de software [Yes/No]","Limite de Hardware [Yes/No]","Voltagem da bateria [V]","Capacidade restante [Wh]","Nível de carga [%]","Taxa de carga [W]","Nível de desgaste [%]","Taxa de quadros Presented (avg) [FPS]","Taxa de quadros Presented (99%) [FPS]","Taxa de quadros Presented (1%) [FPS]","Taxa de quadros Presented (0.1%) [FPS]","Taxa de quadros Presented (1% low) [FPS]","Taxa de quadros Presented (0.1% low) [FPS]","Taxa de quadros Displayed (avg) [FPS]","Taxa de quadros Displayed (99%) [FPS]","Taxa de quadros Displayed (1%) [FPS]","Taxa de quadros Displayed (0.1%) [FPS]","Taxa de quadros Displayed (1% low) [FPS]","Taxa de quadros Displayed (0.1% low) [FPS]","Frame Time Presented (avg) [ms]","Frame Time Presented (99%) [ms]","Frame Time Presented (1%) [ms]","Frame Time Presented (0.1%) [ms]","Frame Time Displayed (1% high) [ms]","Frame Time Displayed (0.1% high) [ms]","GPU Busy (avg) [ms]","GPU Wait (avg) [ms]","CPU Busy (avg) [ms]","CPU Wait (avg) [ms]","Animation Error (avg) [ms]","Total download [MB]","Total upload [MB]","Taxa de download atual [KB/s]","Taxa de upload atual [KB/s]","Total de erros []",
,,Sistema: DELL Inspiron 15 3520,Sistema: DELL Inspiron 15 3520,Sistema: DELL Inspiron 15 3520,Sistema: DELL Inspiron 15 3520,Sistema: DELL Inspiron 15 3520,Sistema: DELL Inspiron 15 3520,Sistema: DELL Inspiron 15 3520,Sistema: DELL Inspiron 15 3520,Sistema: DELL Inspiron 15 3520,CPU [#0]: Intel Core i5-1235U,CPU [#0]: Intel Core i5-1235U,CPU [#0]: Intel Core i5-1235U,CPU [#0]: Intel Core i5-1235U,CPU [#0]: Intel Core i5-1235U,CPU [#0]: Intel Core i5-1235U,CPU [#0]: Intel Core i5-1235U,CPU [#0]: Intel Core i5-1235U,CPU [#0]: Intel Core i5-1235U,CPU [#0]: Intel Core i5-1235U,CPU [#0]: Intel Core i5-1235U,CPU [#0]: Intel Core i5-1235U,CPU [#0]: Intel Core i5-1235U,CPU [#0]: Intel Core i5-1235U,CPU [#0]: Intel Core i5-1235U,CPU [#0]: Intel Core i5-1235U,CPU [#0]: Intel Core i5-1235U,CPU [#0]: Intel Core i5-1235U,CPU [#0]: Intel Core i5-1235U,CPU [#0]: Intel Core i5-1235U,CPU [#0]: Intel Core i5-1235U,CPU [#0]: Intel Core i5-1235U,CPU [#0]: Intel Core i5-1235U,CPU [#0]: Intel Core i5-1235U,CPU [#0]: Intel Core i5-1235U,CPU [#0]: Intel Core i5-1235U,CPU [#0]: Intel Core i5-1235U,CPU [#0]: Intel Core i5-1235U,CPU [#0]: Intel Core i5-1235U,CPU [#0]: Intel Core i5-1235U,CPU [#0]: Intel Core i5-1235U,CPU [#0]: Intel Core i5-1235U,CPU [#0]: Intel Core i5-1235U,CPU [#0]: Intel Core i5-1235U,CPU [#0]: Intel Core i5-1235U,CPU [#0]: Intel Core i5-1235U,CPU [#0]: Intel Core i5-1235U,CPU [#0]: Intel Core i5-1235U,CPU [#0]: Intel Core i5-1235U,CPU [#0]: Intel Core i5-1235U,CPU [#0]: Intel Core i5-1235U,CPU [#0]: Intel Core i5-1235U,CPU [#0]: Intel Core i5-1235U,CPU [#0]: Intel Core i5-1235U,CPU [#0]: Intel Core i5-1235U,CPU [#0]: Intel Core i5-1235U,CPU [#0]: Intel Core i5-1235U,CPU [#0]: Intel Core i5-1235U,CPU [#0]: Intel Core i5-1235U,CPU [#0]: Intel Core i5-1235U,CPU [#0]: Intel Core i5-1235U,CPU [#0]: Intel Core i5-1235U,CPU [#0]: Intel Core i5-1235U,CPU [#0]: Intel Core i5-1235U,CPU [#0]: Intel Core i5-1235U,CPU [#0]: Intel Core i5-1235U,CPU [#0]: Intel Core i5-1235U,CPU [#0]: Intel Core i5-1235U,CPU [#0]: Intel Core i5-1235U,CPU [#0]: Intel Core i5-1235U,CPU [#0]: Intel Core i5-1235U,CPU [#0]: Intel Core i5-1235U,CPU [#0]: Intel Core i5-1235U,CPU [#0]: Intel Core i5-1235U,CPU [#0]: Intel Core i5-1235U,CPU [#0]: Intel Core i5-1235U,CPU [#0]: Intel Core i5-1235U,CPU [#0]: Intel Core i5-1235U,CPU [#0]: Intel Core i5-1235U,CPU [#0]: Intel Core i5-1235U,CPU [#0]: Intel Core i5-1235U,CPU [#0]: Intel Core i5-1235U,CPU [#0]: Intel Core i5-1235U,CPU [#0]: Intel Core i5-1235U,CPU [#0]: Intel Core i5-1235U,CPU [#0]: Intel Core i5-1235U,CPU [#0]: Intel Core i5-1235U,CPU [#0]: Intel Core i5-1235U,CPU [#0]: Intel Core i5-1235U,CPU [#0]: Intel Core i5-1235U,CPU [#0]: Intel Core i5-1235U,CPU [#0]: Intel Core i5-1235U: DTS,CPU [#0]: Intel Core i5-1235U: DTS,CPU [#0]: Intel Core i5-1235U: DTS,CPU [#0]: Intel Core i5-1235U: DTS,CPU [#0]: Intel Core i5-1235U: DTS,CPU [#0]: Intel Core i5-1235U: DTS,CPU [#0]: Intel Core i5-1235U: DTS,CPU [#0]: Intel Core i5-1235U: DTS,CPU [#0]: Intel Core i5-1235U: DTS,CPU [#0]: Intel Core i5-1235U: DTS,CPU [#0]: Intel Core i5-1235U: DTS,CPU [#0]: Intel Core i5-1235U: DTS,CPU [#0]: Intel Core i5-1235U: DTS,CPU [#0]: Intel Core i5-1235U: DTS,CPU [#0]: Intel Core i5-1235U: DTS,CPU [#0]: Intel Core i5-1235U: DTS,CPU [#0]: Intel Core i5-1235U: DTS,CPU [#0]: Intel Core i5-1235U: DTS,CPU [#0]: Intel Core i5-1235U: DTS,CPU [#0]: Intel Core i5-1235U: DTS,CPU [#0]: Intel Core i5-1235U: DTS,CPU [#0]: Intel Core i5-1235U: DTS,CPU [#0]: Intel Core i5-1235U: DTS,CPU [#0]: Intel Core i5-1235U: DTS,CPU [#0]: Intel Core i5-1235U: DTS,CPU [#0]: Intel Core i5-1235U: DTS,CPU [#0]: Intel Core i5-1235U: DTS,CPU [#0]: Intel Core i5-1235U: DTS,CPU [#0]: Intel Core i5-1235U: DTS,CPU [#0]: Intel Core i5-1235U: DTS,CPU [#0]: Intel Core i5-1235U: DTS,CPU [#0]: Intel Core i5-1235U: DTS,CPU [#0]: Intel Core i5-1235U: DTS,CPU [#0]: Intel Core i5-1235U: DTS,CPU [#0]: Intel Core i5-1235U: DTS,CPU [#0]: Intel Core i5-1235U: DTS,CPU [#0]: Intel Core i5-1235U: DTS,CPU [#0]: Intel Core i5-1235U: DTS,CPU [#0]: Intel Core i5-1235U: DTS,CPU [#0]: Intel Core i5-1235U: DTS,CPU [#0]: Intel Core i5-1235U: DTS,CPU [#0]: Intel Core i5-1235U: DTS,CPU [#0]: Intel Core i5-1235U: DTS,CPU [#0]: Intel Core i5-1235U: DTS,CPU [#0]: Intel Core i5-1235U: DTS,CPU [#0]: Intel Core i5-1235U: DTS,CPU [#0]: Intel Core i5-1235U: DTS,CPU [#0]: Intel Core i5-1235U: DTS,CPU [#0]: Intel Core i5-1235U: DTS,CPU [#0]: Intel Core i5-1235U: DTS,CPU [#0]: Intel Core i5-1235U: DTS,CPU [#0]: Intel Core i5-1235U: DTS,CPU [#0]: Intel Core i5-1235U: DTS,CPU [#0]: Intel Core i5-1235U: DTS,CPU [#0]: Intel Core i5-1235U: DTS,CPU [#0]: Intel Core i5-1235U: DTS,CPU [#0]: Intel Core i5-1235U: DTS,CPU [#0]: Intel Core i5-1235U: DTS,CPU [#0]: Intel Core i5-1235U: DTS,CPU [#0]: Intel Core i5-1235U: DTS,CPU [#0]: Intel Core i5-1235U: Enhanced,CPU [#0]: Intel Core i5-1235U: Enhanced,CPU [#0]: Intel Core i5-1235U: Enhanced,CPU [#0]: Intel Core i5-1235U: Enhanced,CPU [#0]: Intel Core i5-1235U: Enhanced,CPU [#0]: Intel Core i5-1235U: Enhanced,CPU [#0]: Intel Core i5-1235U: Enhanced,CPU [#0]: Intel Core i5-1235U: Enhanced,CPU [#0]: Intel Core i5-1235U: Enhanced,CPU [#0]: Intel Core i5-1235U: Enhanced,CPU [#0]: Intel Core i5-1235U: Enhanced,CPU [#0]: Intel Core i5-1235U: Enhanced,CPU [#0]: Intel Core i5-1235U: Enhanced,CPU [#0]: Intel Core i5-1235U: Enhanced,CPU [#0]: Intel Core i5-1235U: Enhanced,CPU [#0]: Intel Core i5-1235U: Enhanced,CPU [#0]: Intel Core i5-1235U: Enhanced,CPU [#0]: Intel Core i5-1235U: Enhanced,CPU [#0]: Intel Core i5-1235U: Enhanced,CPU [#0]: Intel Core i5-1235U: Enhanced,CPU [#0]: Intel Core i5-1235U: Enhanced,CPU [#0]: Intel Core i5-1235U: Enhanced,CPU [#0]: Intel Core i5-1235U: Enhanced,CPU [#0]: Intel Core i5-1235U: Enhanced,CPU [#0]: Intel Core i5-1235U: C-State Ocupação,CPU [#0]: Intel Core i5-1235U: C-State Ocupação,CPU [#0]: Intel Core i5-1235U: C-State Ocupação,CPU [#0]: Intel Core i5-1235U: C-State Ocupação,CPU [#0]: Intel Core i5-1235U: C-State Ocupação,CPU [#0]: Intel Core i5-1235U: C-State Ocupação,CPU [#0]: Intel Core i5-1235U: C-State Ocupação,CPU [#0]: Intel Core i5-1235U: C-State Ocupação,CPU [#0]: Intel Core i5-1235U: C-State Ocupação,CPU [#0]: Intel Core i5-1235U: C-State Ocupação,CPU [#0]: Intel Core i5-1235U: C-State Ocupação,CPU [#0]: Intel Core i5-1235U: C-State Ocupação,CPU [#0]: Intel Core i5-1235U: C-State Ocupação,CPU [#0]: Intel Core i5-1235U: C-State Ocupação,CPU [#0]: Intel Core i5-1235U: C-State Ocupação,CPU [#0]: Intel Core i5-1235U: C-State Ocupação,CPU [#0]: Intel Core i5-1235U: C-State Ocupação,CPU [#0]: Intel Core i5-1235U: C-State Ocupação,CPU [#0]: Intel Core i5-1235U: C-State Ocupação,CPU [#0]: Intel Core i5-1235U: C-State Ocupação,CPU [#0]: Intel Core i5-1235U: C-State Ocupação,CPU [#0]: Intel Core i5-1235U: C-State Ocupação,CPU [#0]: Intel Core i5-1235U: C-State Ocupação,CPU [#0]: Intel Core i5-1235U: C-State Ocupação,CPU [#0]: Intel Core i5-1235U: C-State Ocupação,CPU [#0]: Intel Core i5-1235U: C-State Ocupação,CPU [#0]: Intel Core i5-1235U: C-State Ocupação,CPU [#0]: Intel Core i5-1235U: C-State Ocupação,CPU [#0]: Intel Core i5-1235U: C-State Ocupação,CPU [#0]: Intel Core i5-1235U: C-State Ocupação,CPU [#0]: Intel Core i5-1235U: C-State Ocupação,CPU [#0]: Intel Core i5-1235U: C-State Ocupação,CPU [#0]: Intel Core i5-1235U: C-State Ocupação,CPU [#0]: Intel Core i5-1235U: C-State Ocupação,CPU [#0]: Intel Core i5-1235U: C-State Ocupação,CPU [#0]: Intel Core i5-1235U: C-State Ocupação,CPU [#0]: Intel Core i5-1235U: C-State Ocupação,CPU [#0]: Intel Core i5-1235U: C-State Ocupação,CPU [#0]: Intel Core i5-1235U: C-State Ocupação,CPU [#0]: Intel Core i5-1235U: C-State Ocupação,CPU [#0]: Intel Core i5-1235U: C-State Ocupação,CPU [#0]: Intel Core i5-1235U: C-State Ocupação,Tempos da memória,Tempos da memória,Tempos da memória,Tempos da memória,Tempos da memória,Tempos da memória,Tempos da memória,Tempos da memória,Tempos da memória,Tempos da memória,CPU [#0]: Intel Core i5-1235U: Razões do Limite de desempenho,CPU [#0]: Intel Core i5-1235U: Razões do Limite de desempenho,CPU [#0]: Intel Core i5-1235U: Razões do Limite de desempenho,CPU [#0]: Intel Core i5-1235U: Razões do Limite de desempenho,CPU [#0]: Intel Core i5-1235U: Razões do Limite de desempenho,CPU [#0]: Intel Core i5-1235U: Razões do Limite de desempenho,CPU [#0]: Intel Core i5-1235U: Razões do Limite de desempenho,CPU [#0]: Intel Core i5-1235U: Razões do Limite de desempenho,CPU [#0]: Intel Core i5-1235U: Razões do Limite de desempenho,CPU [#0]: Intel Core i5-1235U: Razões do Limite de desempenho,CPU [#0]: Intel Core i5-1235U: Razões do Limite de desempenho,CPU [#0]: Intel Core i5-1235U: Razões do Limite de desempenho,CPU [#0]: Intel Core i5-1235U: Razões do Limite de desempenho,CPU [#0]: Intel Core i5-1235U: Razões do Limite de desempenho,CPU [#0]: Intel Core i5-1235U: Razões do Limite de desempenho,CPU [#0]: Intel Core i5-1235U: Razões do Limite de desempenho,CPU [#0]: Intel Core i5-1235U: Razões do Limite de desempenho,CPU [#0]: Intel Core i5-1235U: Razões do Limite de desempenho,CPU [#0]: Intel Core i5-1235U: Razões do Limite de desempenho,CPU [#0]: Intel Core i5-1235U: Razões do Limite de desempenho,CPU [#0]: Intel Core i5-1235U: Razões do Limite de desempenho,CPU [#0]: Intel Core i5-1235U: Razões do Limite de desempenho,CPU [#0]: Intel Core i5-1235U: Razões do Limite de desempenho,CPU [#0]: Intel Core i5-1235U: Razões do Limite de desempenho,CPU [#0]: Intel Core i5-1235U: Razões do Limite de desempenho,CPU [#0]: Intel Core i5-1235U: Razões do Limite de desempenho,CPU [#0]: Intel Core i5-1235U: Razões do Limite de desempenho,CPU [#0]: Intel Core i5-1235U: Razões do Limite de desempenho,CPU [#0]: Intel Core i5-1235U: Razões do Limite de desempenho,CPU [#0]: Intel Core i5-1235U: Razões do Limite de desempenho,CPU [#0]: Intel Core i5-1235U: Razões do Limite de desempenho,CPU [#0]: Intel Core i5-1235U: Razões do Limite de desempenho,CPU [#0]: Intel Core i5-1235U: Razões do Limite de desempenho,CPU [#0]: Intel Core i5-1235U: Razões do Limite de desempenho,CPU [#0]: Intel Core i5-1235U: Razões do Limite de desempenho,CPU [#0]: Intel Core i5-1235U: Razões do Limite de desempenho,CPU [#0]: Intel Core i5-1235U: Razões do Limite de desempenho,CPU [#0]: Intel Core i5-1235U: Razões do Limite de desempenho,DELL 0TRFM3 (Intel PCH),S.M.A.R.T.: WDC WD5000LPVX-22V0TT0 (WD-WXR1E64UV227) [D:],S.M.A.R.T.: WDC WD5000LPVX-22V0TT0 (WD-WXR1E64UV227) [D:],S.M.A.R.T.: WDC WD5000LPVX-22V0TT0 (WD-WXR1E64UV227) [D:],S.M.A.R.T.: 2400A NVMe Micron 512GB (2403472BD254) [C:],S.M.A.R.T.: 2400A NVMe Micron 512GB (2403472BD254) [C:],S.M.A.R.T.: 2400A NVMe Micron 512GB (2403472BD254) [C:],S.M.A.R.T.: 2400A NVMe Micron 512GB (2403472BD254) [C:],S.M.A.R.T.: 2400A NVMe Micron 512GB (2403472BD254) [C:],S.M.A.R.T.: 2400A NVMe Micron 512GB (2403472BD254) [C:],S.M.A.R.T.: 2400A NVMe Micron 512GB (2403472BD254) [C:],S.M.A.R.T.: 2400A NVMe Micron 512GB (2403472BD254) [C:],Drive: WDC WD5000LPVX-22V0TT0 (WD-WXR1E64UV227) [D:],Drive: WDC WD5000LPVX-22V0TT0 (WD-WXR1E64UV227) [D:],Drive: WDC WD5000LPVX-22V0TT0 (WD-WXR1E64UV227) [D:],Drive: WDC WD5000LPVX-22V0TT0 (WD-WXR1E64UV227) [D:],Drive: WDC WD5000LPVX-22V0TT0 (WD-WXR1E64UV227) [D:],Drive: WDC WD5000LPVX-22V0TT0 (WD-WXR1E64UV227) [D:],Drive: WDC WD5000LPVX-22V0TT0 (WD-WXR1E64UV227) [D:],Drive: 2400A NVMe Micron 512GB (2403472BD254) [C:],Drive: 2400A NVMe Micron 512GB (2403472BD254) [C:],Drive: 2400A NVMe Micron 512GB (2403472BD254) [C:],Drive: 2400A NVMe Micron 512GB (2403472BD254) [C:],Drive: 2400A NVMe Micron 512GB (2403472BD254) [C:],Drive: 2400A NVMe Micron 512GB (2403472BD254) [C:],Drive: 2400A NVMe Micron 512GB (2403472BD254) [C:],iGPU [#0]: Intel Iris Xe Graphics,iGPU [#0]: Intel Iris Xe Graphics,iGPU [#0]: Intel Iris Xe Graphics,iGPU [#0]: Intel Iris Xe Graphics,iGPU [#0]: Intel Iris Xe Graphics,iGPU [#0]: Intel Iris Xe Graphics,iGPU [#0]: Intel Iris Xe Graphics,iGPU [#0]: Intel Iris Xe Graphics,iGPU [#0]: Intel Iris Xe Graphics,iGPU [#0]: Intel Iris Xe Graphics,iGPU [#0]: Intel Iris Xe Graphics,iGPU [#0]: Intel Iris Xe Graphics,iGPU [#0]: Intel Iris Xe Graphics,iGPU [#0]: Intel Iris Xe Graphics,iGPU [#0]: Intel Iris Xe Graphics,iGPU [#0]: Intel Iris Xe Graphics,iGPU [#0]: Intel Iris Xe Graphics,iGPU [#0]: Intel Iris Xe Graphics,iGPU [#0]: Intel Iris Xe Graphics,iGPU [#0]: Intel Iris Xe Graphics,iGPU [#0]: Intel Iris Xe Graphics,iGPU [#0]: Intel Iris Xe Graphics,iGPU [#0]: Intel Iris Xe Graphics,iGPU [#0]: Intel Iris Xe Graphics,iGPU [#0]: Intel Iris Xe Graphics,iGPU [#0]: Intel Iris Xe Graphics,Battery: BYD DELL PG8YJ46,Battery: BYD DELL PG8YJ46,Battery: BYD DELL PG8YJ46,Battery: BYD DELL PG8YJ46,Battery: BYD DELL PG8YJ46,PresentMon [dwm.exe],PresentMon [dwm.exe],PresentMon [dwm.exe],PresentMon [dwm.exe],PresentMon [dwm.exe],PresentMon [dwm.exe],PresentMon [dwm.exe],PresentMon [dwm.exe],PresentMon [dwm.exe],PresentMon [dwm.exe],PresentMon [dwm.exe],PresentMon [dwm.exe],PresentMon [dwm.exe],PresentMon [dwm.exe],PresentMon [dwm.exe],PresentMon [dwm.exe],PresentMon [dwm.exe],PresentMon [dwm.exe],PresentMon [dwm.exe],PresentMon [dwm.exe],PresentMon [dwm.exe],PresentMon [dwm.exe],PresentMon [dwm.exe],Rede: RealTek Semiconductor RTL8821CE Wireless LAN 802.11ac PCI-E NIC - Wi-Fi,Rede: RealTek Semiconductor RTL8821CE Wireless LAN 802.11ac PCI-E NIC - Wi-Fi,Rede: RealTek Semiconductor RTL8821CE Wireless LAN 802.11ac PCI-E NIC - Wi-Fi,Rede: RealTek Semiconductor RTL8821CE Wireless LAN 802.11ac PCI-E NIC - Wi-Fi,Windows Hardware Errors (WHEA),
